year,country,people_living_with_hiv
1990,Afghanistan,600.0
1991,Afghanistan,600.0
1992,Afghanistan,1000.0
1993,Afghanistan,1100.0
1994,Afghanistan,1200.0
1995,Afghanistan,1300.0
1996,Afghanistan,1400.0
1997,Afghanistan,1500.0
1998,Afghanistan,1600.0
1999,Afghanistan,1800.0
2000,Afghanistan,1900.0
2001,Afghanistan,2000.0
2002,Afghanistan,2200.0
2003,Afghanistan,2400.0
2004,Afghanistan,2700.0
2005,Afghanistan,2900.0
2006,Afghanistan,3200.0
2007,Afghanistan,3600.0
2008,Afghanistan,4100.0
2009,Afghanistan,4600.0
2010,Afghanistan,5200.0
2011,Afghanistan,5800.0
1979,Angola,1025.0
1990,Angola,33000.0
1991,Angola,39000.0
1992,Angola,46000.0
1993,Angola,54000.0
1994,Angola,62000.0
1995,Angola,71000.0
1996,Angola,80000.0
1997,Angola,89000.0
1998,Angola,99000.0
1999,Angola,110000.0
2000,Angola,120000.0
2001,Angola,130000.0
2002,Angola,140000.0
2003,Angola,150000.0
2004,Angola,160000.0
2005,Angola,170000.0
2006,Angola,180000.0
2007,Angola,190000.0
2008,Angola,200000.0
2009,Angola,210000.0
2010,Angola,220000.0
2011,Angola,230000.0
1979,Argentina,2710.0
1990,Argentina,27000.0
1991,Argentina,31000.0
1992,Argentina,35000.0
1993,Argentina,39000.0
1994,Argentina,43000.0
1995,Argentina,47000.0
1996,Argentina,51000.0
1997,Argentina,54000.0
1998,Argentina,58000.0
1999,Argentina,61000.0
2000,Argentina,64000.0
2001,Argentina,66000.0
2002,Argentina,68000.0
2003,Argentina,71000.0
2004,Argentina,74000.0
2005,Argentina,77000.0
2006,Argentina,80000.0
2007,Argentina,83000.0
2008,Argentina,86000.0
2009,Argentina,90000.0
2010,Argentina,92000.0
2011,Argentina,95000.0
1990,Armenia,350.0
1991,Armenia,600.0
1992,Armenia,600.0
1993,Armenia,600.0
1994,Armenia,1000.0
1995,Armenia,1300.0
1996,Armenia,1600.0
1997,Armenia,2000.0
1998,Armenia,2400.0
1999,Armenia,2800.0
2000,Armenia,3200.0
2001,Armenia,3500.0
2002,Armenia,3700.0
2003,Armenia,3800.0
2004,Armenia,3800.0
2005,Armenia,3800.0
2006,Armenia,3800.0
2007,Armenia,3700.0
2008,Armenia,3600.0
2009,Armenia,3600.0
2010,Armenia,3500.0
2011,Armenia,3600.0
1983,Australia,1380.0
1990,Australia,12000.0
1991,Australia,12000.0
1992,Australia,12000.0
1993,Australia,11000.0
1994,Australia,11000.0
1995,Australia,11000.0
1996,Australia,11000.0
1997,Australia,11000.0
1998,Australia,11000.0
1999,Australia,12000.0
2000,Australia,12000.0
2001,Australia,13000.0
2002,Australia,14000.0
2003,Australia,14000.0
2004,Australia,15000.0
2005,Australia,16000.0
2006,Australia,17000.0
2007,Australia,18000.0
2008,Australia,19000.0
2009,Australia,20000.0
2010,Australia,21000.0
2011,Australia,22000.0
1981,Austria,400.0
1990,Austria,600.0
1991,Austria,600.0
1992,Austria,1000.0
1993,Austria,1300.0
1994,Austria,1500.0
1995,Austria,1900.0
1996,Austria,2300.0
1997,Austria,2800.0
1998,Austria,3300.0
1999,Austria,4000.0
2000,Austria,4700.0
2001,Austria,5500.0
2002,Austria,6400.0
2003,Austria,7500.0
2004,Austria,8600.0
2005,Austria,9900.0
2006,Austria,11000.0
2007,Austria,12000.0
2008,Austria,14000.0
2009,Austria,15000.0
2010,Austria,16000.0
2011,Austria,18000.0
1990,Azerbaijan,60.0
1991,Azerbaijan,160.0
1992,Azerbaijan,160.0
1993,Azerbaijan,350.0
1994,Azerbaijan,350.0
1995,Azerbaijan,600.0
1996,Azerbaijan,600.0
1997,Azerbaijan,1200.0
1998,Azerbaijan,1600.0
1999,Azerbaijan,2000.0
2000,Azerbaijan,2500.0
2001,Azerbaijan,3000.0
2002,Azerbaijan,3500.0
2003,Azerbaijan,3900.0
2004,Azerbaijan,4400.0
2005,Azerbaijan,4800.0
2006,Azerbaijan,5100.0
2007,Azerbaijan,5400.0
2008,Azerbaijan,5700.0
2009,Azerbaijan,6000.0
2010,Azerbaijan,6300.0
2011,Azerbaijan,6700.0
1979,Bahamas,10.0
1990,Bahamas,5900.0
1991,Bahamas,6200.0
1992,Bahamas,6400.0
1993,Bahamas,6500.0
1994,Bahamas,6600.0
1995,Bahamas,6600.0
1996,Bahamas,6700.0
1997,Bahamas,6700.0
1998,Bahamas,6600.0
1999,Bahamas,6600.0
2000,Bahamas,6500.0
2001,Bahamas,6500.0
2002,Bahamas,6400.0
2003,Bahamas,6300.0
2004,Bahamas,6300.0
2005,Bahamas,6300.0
2006,Bahamas,6400.0
2007,Bahamas,6400.0
2008,Bahamas,6400.0
2009,Bahamas,6300.0
2010,Bahamas,6400.0
2011,Bahamas,6500.0
1990,Bangladesh,1100.0
1991,Bangladesh,1200.0
1992,Bangladesh,1200.0
1993,Bangladesh,1200.0
1994,Bangladesh,1200.0
1995,Bangladesh,1300.0
1996,Bangladesh,1300.0
1997,Bangladesh,1400.0
1998,Bangladesh,1600.0
1999,Bangladesh,1800.0
2000,Bangladesh,2000.0
2001,Bangladesh,2200.0
2002,Bangladesh,2500.0
2003,Bangladesh,2800.0
2004,Bangladesh,3200.0
2005,Bangladesh,3700.0
2006,Bangladesh,4200.0
2007,Bangladesh,4800.0
2008,Bangladesh,5400.0
2009,Bangladesh,6100.0
2010,Bangladesh,6800.0
2011,Bangladesh,7700.0
1979,Barbados,36.0
1990,Barbados,600.0
1991,Barbados,600.0
1992,Barbados,600.0
1993,Barbados,600.0
1994,Barbados,600.0
1995,Barbados,600.0
1996,Barbados,1100.0
1997,Barbados,1100.0
1998,Barbados,1100.0
1999,Barbados,1200.0
2000,Barbados,1200.0
2001,Barbados,1200.0
2002,Barbados,1200.0
2003,Barbados,1200.0
2004,Barbados,1300.0
2005,Barbados,1300.0
2006,Barbados,1300.0
2007,Barbados,1300.0
2008,Barbados,1400.0
2009,Barbados,1400.0
2010,Barbados,1400.0
2011,Barbados,1400.0
1990,Belarus,60.0
1991,Belarus,60.0
1992,Belarus,60.0
1993,Belarus,60.0
1994,Belarus,60.0
1995,Belarus,160.0
1996,Belarus,350.0
1997,Belarus,350.0
1998,Belarus,600.0
1999,Belarus,1600.0
2000,Belarus,2900.0
2001,Belarus,4900.0
2002,Belarus,7500.0
2003,Belarus,10000.0
2004,Belarus,13000.0
2005,Belarus,15000.0
2006,Belarus,16000.0
2007,Belarus,17000.0
2008,Belarus,18000.0
2009,Belarus,19000.0
2010,Belarus,20000.0
2011,Belarus,20000.0
1982,Belgium,728.0
1990,Belgium,1400.0
1991,Belgium,1900.0
1992,Belgium,2400.0
1993,Belgium,3000.0
1994,Belgium,3700.0
1995,Belgium,4400.0
1996,Belgium,5000.0
1997,Belgium,5800.0
1998,Belgium,6600.0
1999,Belgium,7400.0
2000,Belgium,8300.0
2001,Belgium,9300.0
2002,Belgium,10000.0
2003,Belgium,11000.0
2004,Belgium,12000.0
2005,Belgium,13000.0
2006,Belgium,15000.0
2007,Belgium,16000.0
2008,Belgium,17000.0
2009,Belgium,18000.0
2010,Belgium,19000.0
2011,Belgium,20000.0
1990,Belize,600.0
1991,Belize,1100.0
1992,Belize,1300.0
1993,Belize,1600.0
1994,Belize,1800.0
1995,Belize,2000.0
1996,Belize,2300.0
1997,Belize,2500.0
1998,Belize,2700.0
1999,Belize,3000.0
2000,Belize,3200.0
2001,Belize,3400.0
2002,Belize,3500.0
2003,Belize,3700.0
2004,Belize,3900.0
2005,Belize,4000.0
2006,Belize,4100.0
2007,Belize,4200.0
2008,Belize,4400.0
2009,Belize,4500.0
2010,Belize,4600.0
2011,Belize,4600.0
1984,Benin,235.0
1990,Benin,78000.0
1991,Benin,76000.0
1992,Benin,74000.0
1993,Benin,73000.0
1994,Benin,72000.0
1995,Benin,72000.0
1996,Benin,72000.0
1997,Benin,71000.0
1998,Benin,70000.0
1999,Benin,69000.0
2000,Benin,67000.0
2001,Benin,66000.0
2002,Benin,64000.0
2003,Benin,62000.0
2004,Benin,61000.0
2005,Benin,60000.0
2006,Benin,60000.0
2007,Benin,60000.0
2008,Benin,60000.0
2009,Benin,61000.0
2010,Benin,63000.0
2011,Benin,64000.0
1990,Bhutan,60.0
1991,Bhutan,60.0
1992,Bhutan,60.0
1993,Bhutan,60.0
1994,Bhutan,60.0
1995,Bhutan,60.0
1996,Bhutan,60.0
1997,Bhutan,60.0
1998,Bhutan,60.0
1999,Bhutan,60.0
2000,Bhutan,60.0
2001,Bhutan,60.0
2002,Bhutan,160.0
2003,Bhutan,160.0
2004,Bhutan,350.0
2005,Bhutan,350.0
2006,Bhutan,350.0
2007,Bhutan,600.0
2008,Bhutan,600.0
2009,Bhutan,600.0
2010,Bhutan,1100.0
2011,Bhutan,1300.0
1990,Bolivia,23000.0
1991,Bolivia,23000.0
1992,Bolivia,23000.0
1993,Bolivia,23000.0
1994,Bolivia,23000.0
1995,Bolivia,24000.0
1996,Bolivia,24000.0
1997,Bolivia,25000.0
1998,Bolivia,25000.0
1999,Bolivia,26000.0
2000,Bolivia,26000.0
2001,Bolivia,26000.0
2002,Bolivia,25000.0
2003,Bolivia,25000.0
2004,Bolivia,24000.0
2005,Bolivia,22000.0
2006,Bolivia,21000.0
2007,Bolivia,20000.0
2008,Bolivia,19000.0
2009,Bolivia,18000.0
2010,Bolivia,17000.0
2011,Bolivia,17000.0
1979,Botswana,469.0
1990,Botswana,41000.0
1991,Botswana,59000.0
1992,Botswana,79000.0
1993,Botswana,100000.0
1994,Botswana,130000.0
1995,Botswana,160000.0
1996,Botswana,180000.0
1997,Botswana,210000.0
1998,Botswana,230000.0
1999,Botswana,250000.0
2000,Botswana,260000.0
2001,Botswana,270000.0
2002,Botswana,270000.0
2003,Botswana,280000.0
2004,Botswana,280000.0
2005,Botswana,280000.0
2006,Botswana,280000.0
2007,Botswana,280000.0
2008,Botswana,290000.0
2009,Botswana,290000.0
2010,Botswana,290000.0
2011,Botswana,300000.0
1979,Brazil,51548.0
1990,Brazil,190000.0
1991,Brazil,220000.0
1992,Brazil,260000.0
1993,Brazil,290000.0
1994,Brazil,320000.0
1995,Brazil,350000.0
1996,Brazil,370000.0
1997,Brazil,390000.0
1998,Brazil,410000.0
1999,Brazil,430000.0
2000,Brazil,440000.0
2001,Brazil,450000.0
2002,Brazil,460000.0
2003,Brazil,470000.0
2004,Brazil,480000.0
2005,Brazil,480000.0
2006,Brazil,480000.0
2007,Brazil,490000.0
2008,Brazil,490000.0
2009,Brazil,490000.0
2010,Brazil,490000.0
2011,Brazil,490000.0
1990,Bulgaria,350.0
1991,Bulgaria,350.0
1992,Bulgaria,350.0
1993,Bulgaria,350.0
1994,Bulgaria,350.0
1995,Bulgaria,600.0
1996,Bulgaria,600.0
1997,Bulgaria,600.0
1998,Bulgaria,1000.0
1999,Bulgaria,1200.0
2000,Bulgaria,1500.0
2001,Bulgaria,1700.0
2002,Bulgaria,2000.0
2003,Bulgaria,2200.0
2004,Bulgaria,2500.0
2005,Bulgaria,2800.0
2006,Bulgaria,3100.0
2007,Bulgaria,3300.0
2008,Bulgaria,3500.0
2009,Bulgaria,3700.0
2010,Bulgaria,3800.0
2011,Bulgaria,3900.0
1979,Burkina Faso,260.0
1990,Burkina Faso,180000.0
1991,Burkina Faso,180000.0
1992,Burkina Faso,180000.0
1993,Burkina Faso,180000.0
1994,Burkina Faso,180000.0
1995,Burkina Faso,180000.0
1996,Burkina Faso,180000.0
1997,Burkina Faso,170000.0
1998,Burkina Faso,170000.0
1999,Burkina Faso,160000.0
2000,Burkina Faso,160000.0
2001,Burkina Faso,150000.0
2002,Burkina Faso,150000.0
2003,Burkina Faso,140000.0
2004,Burkina Faso,140000.0
2005,Burkina Faso,130000.0
2006,Burkina Faso,130000.0
2007,Burkina Faso,130000.0
2008,Burkina Faso,120000.0
2009,Burkina Faso,120000.0
2010,Burkina Faso,120000.0
2011,Burkina Faso,120000.0
1979,Burundi,383.0
1990,Burundi,61000.0
1991,Burundi,76000.0
1992,Burundi,96000.0
1993,Burundi,120000.0
1994,Burundi,140000.0
1995,Burundi,160000.0
1996,Burundi,160000.0
1997,Burundi,160000.0
1998,Burundi,160000.0
1999,Burundi,150000.0
2000,Burundi,140000.0
2001,Burundi,130000.0
2002,Burundi,130000.0
2003,Burundi,120000.0
2004,Burundi,110000.0
2005,Burundi,110000.0
2006,Burundi,100000.0
2007,Burundi,99000.0
2008,Burundi,94000.0
2009,Burundi,89000.0
2010,Burundi,84000.0
2011,Burundi,80000.0
1985,Cambodia,310.0
1990,Cambodia,23000.0
1991,Cambodia,34000.0
1992,Cambodia,45000.0
1993,Cambodia,56000.0
1994,Cambodia,66000.0
1995,Cambodia,74000.0
1996,Cambodia,80000.0
1997,Cambodia,83000.0
1998,Cambodia,86000.0
1999,Cambodia,87000.0
2000,Cambodia,87000.0
2001,Cambodia,85000.0
2002,Cambodia,82000.0
2003,Cambodia,79000.0
2004,Cambodia,75000.0
2005,Cambodia,71000.0
2006,Cambodia,69000.0
2007,Cambodia,67000.0
2008,Cambodia,66000.0
2009,Cambodia,65000.0
2010,Cambodia,65000.0
2011,Cambodia,64000.0
1980,Cameroon,532.0
1990,Cameroon,61000.0
1991,Cameroon,85000.0
1992,Cameroon,110000.0
1993,Cameroon,150000.0
1994,Cameroon,190000.0
1995,Cameroon,230000.0
1996,Cameroon,270000.0
1997,Cameroon,310000.0
1998,Cameroon,350000.0
1999,Cameroon,390000.0
2000,Cameroon,420000.0
2001,Cameroon,450000.0
2002,Cameroon,470000.0
2003,Cameroon,490000.0
2004,Cameroon,500000.0
2005,Cameroon,520000.0
2006,Cameroon,530000.0
2007,Cameroon,540000.0
2008,Cameroon,540000.0
2009,Cameroon,550000.0
2010,Cameroon,550000.0
2011,Cameroon,550000.0
1979,Canada,1800.0
1990,Canada,35000.0
1991,Canada,36000.0
1992,Canada,38000.0
1993,Canada,39000.0
1994,Canada,40000.0
1995,Canada,40000.0
1996,Canada,41000.0
1997,Canada,42000.0
1998,Canada,43000.0
1999,Canada,45000.0
2000,Canada,47000.0
2001,Canada,48000.0
2002,Canada,51000.0
2003,Canada,53000.0
2004,Canada,55000.0
2005,Canada,57000.0
2006,Canada,59000.0
2007,Canada,62000.0
2008,Canada,64000.0
2009,Canada,67000.0
2010,Canada,69000.0
2011,Canada,71000.0
1990,Cape Verde,1400.0
1991,Cape Verde,1600.0
1992,Cape Verde,1700.0
1993,Cape Verde,1800.0
1994,Cape Verde,1900.0
1995,Cape Verde,2100.0
1996,Cape Verde,2200.0
1997,Cape Verde,2300.0
1998,Cape Verde,2400.0
1999,Cape Verde,2500.0
2000,Cape Verde,2600.0
2001,Cape Verde,2700.0
2002,Cape Verde,2800.0
2003,Cape Verde,2900.0
2004,Cape Verde,3000.0
2005,Cape Verde,3000.0
2006,Cape Verde,3100.0
2007,Cape Verde,3200.0
2008,Cape Verde,3200.0
2009,Cape Verde,3200.0
2010,Cape Verde,3300.0
2011,Cape Verde,3300.0
1979,Central African Republic,1154.0
1990,Central African Republic,130000.0
1991,Central African Republic,140000.0
1992,Central African Republic,150000.0
1993,Central African Republic,150000.0
1994,Central African Republic,160000.0
1995,Central African Republic,170000.0
1996,Central African Republic,170000.0
1997,Central African Republic,170000.0
1998,Central African Republic,180000.0
1999,Central African Republic,180000.0
2000,Central African Republic,170000.0
2001,Central African Republic,170000.0
2002,Central African Republic,170000.0
2003,Central African Republic,160000.0
2004,Central African Republic,160000.0
2005,Central African Republic,150000.0
2006,Central African Republic,150000.0
2007,Central African Republic,140000.0
2008,Central African Republic,140000.0
2009,Central African Republic,130000.0
2010,Central African Republic,130000.0
2011,Central African Republic,130000.0
1979,Chad,795.0
1990,Chad,71000.0
1991,Chad,82000.0
1992,Chad,93000.0
1993,Chad,100000.0
1994,Chad,110000.0
1995,Chad,130000.0
1996,Chad,140000.0
1997,Chad,140000.0
1998,Chad,150000.0
1999,Chad,160000.0
2000,Chad,170000.0
2001,Chad,170000.0
2002,Chad,180000.0
2003,Chad,180000.0
2004,Chad,190000.0
2005,Chad,190000.0
2006,Chad,190000.0
2007,Chad,200000.0
2008,Chad,200000.0
2009,Chad,200000.0
2010,Chad,210000.0
2011,Chad,210000.0
1985,Chile,465.0
1990,Chile,5300.0
1991,Chile,6700.0
1992,Chile,8700.0
1993,Chile,11000.0
1994,Chile,15000.0
1995,Chile,19000.0
1996,Chile,24000.0
1997,Chile,28000.0
1998,Chile,33000.0
1999,Chile,37000.0
2000,Chile,40000.0
2001,Chile,42000.0
2002,Chile,44000.0
2003,Chile,46000.0
2004,Chile,47000.0
2005,Chile,48000.0
2006,Chile,49000.0
2007,Chile,49000.0
2008,Chile,50000.0
2009,Chile,50000.0
2010,Chile,50000.0
2011,Chile,51000.0
2011,China,780000.0
1984,Colombia,1885.0
1990,Colombia,47000.0
1991,Colombia,60000.0
1992,Colombia,72000.0
1993,Colombia,84000.0
1994,Colombia,93000.0
1995,Colombia,100000.0
1996,Colombia,110000.0
1997,Colombia,110000.0
1998,Colombia,120000.0
1999,Colombia,130000.0
2000,Colombia,130000.0
2001,Colombia,130000.0
2002,Colombia,140000.0
2003,Colombia,140000.0
2004,Colombia,140000.0
2005,Colombia,140000.0
2006,Colombia,150000.0
2007,Colombia,150000.0
2008,Colombia,150000.0
2009,Colombia,150000.0
2010,Colombia,150000.0
2011,Colombia,150000.0
1990,Comoros,60.0
1991,Comoros,60.0
1992,Comoros,60.0
1993,Comoros,60.0
1994,Comoros,60.0
1995,Comoros,60.0
1996,Comoros,60.0
1997,Comoros,60.0
1998,Comoros,60.0
1999,Comoros,60.0
2000,Comoros,60.0
2001,Comoros,60.0
2002,Comoros,60.0
2003,Comoros,160.0
2004,Comoros,160.0
2005,Comoros,160.0
2006,Comoros,160.0
2007,Comoros,160.0
2008,Comoros,350.0
2009,Comoros,350.0
2010,Comoros,350.0
2011,Comoros,350.0
1979,"Congo, Rep.",70.0
1990,"Congo, Rep.",63000.0
1991,"Congo, Rep.",68000.0
1992,"Congo, Rep.",71000.0
1993,"Congo, Rep.",73000.0
1994,"Congo, Rep.",74000.0
1995,"Congo, Rep.",75000.0
1996,"Congo, Rep.",75000.0
1997,"Congo, Rep.",75000.0
1998,"Congo, Rep.",75000.0
1999,"Congo, Rep.",75000.0
2000,"Congo, Rep.",74000.0
2001,"Congo, Rep.",74000.0
2002,"Congo, Rep.",74000.0
2003,"Congo, Rep.",74000.0
2004,"Congo, Rep.",74000.0
2005,"Congo, Rep.",74000.0
2006,"Congo, Rep.",75000.0
2007,"Congo, Rep.",76000.0
2008,"Congo, Rep.",77000.0
2009,"Congo, Rep.",79000.0
2010,"Congo, Rep.",81000.0
2011,"Congo, Rep.",83000.0
1990,Costa Rica,1200.0
1991,Costa Rica,1400.0
1992,Costa Rica,1700.0
1993,Costa Rica,1900.0
1994,Costa Rica,2300.0
1995,Costa Rica,2600.0
1996,Costa Rica,2900.0
1997,Costa Rica,3300.0
1998,Costa Rica,3700.0
1999,Costa Rica,4100.0
2000,Costa Rica,4500.0
2001,Costa Rica,5000.0
2002,Costa Rica,5500.0
2003,Costa Rica,6000.0
2004,Costa Rica,6500.0
2005,Costa Rica,6900.0
2006,Costa Rica,7300.0
2007,Costa Rica,7700.0
2008,Costa Rica,8100.0
2009,Costa Rica,8400.0
2010,Costa Rica,8700.0
2011,Costa Rica,8800.0
1979,Cote d'Ivoire,4562.0
1990,Cote d'Ivoire,350000.0
1991,Cote d'Ivoire,400000.0
1992,Cote d'Ivoire,440000.0
1993,Cote d'Ivoire,480000.0
1994,Cote d'Ivoire,520000.0
1995,Cote d'Ivoire,540000.0
1996,Cote d'Ivoire,570000.0
1997,Cote d'Ivoire,580000.0
1998,Cote d'Ivoire,590000.0
1999,Cote d'Ivoire,590000.0
2000,Cote d'Ivoire,580000.0
2001,Cote d'Ivoire,560000.0
2002,Cote d'Ivoire,540000.0
2003,Cote d'Ivoire,520000.0
2004,Cote d'Ivoire,490000.0
2005,Cote d'Ivoire,470000.0
2006,Cote d'Ivoire,440000.0
2007,Cote d'Ivoire,420000.0
2008,Cote d'Ivoire,400000.0
2009,Cote d'Ivoire,380000.0
2010,Cote d'Ivoire,370000.0
2011,Cote d'Ivoire,360000.0
1990,Croatia,160.0
1991,Croatia,160.0
1992,Croatia,160.0
1993,Croatia,350.0
1994,Croatia,350.0
1995,Croatia,350.0
1996,Croatia,350.0
1997,Croatia,350.0
1998,Croatia,600.0
1999,Croatia,600.0
2000,Croatia,600.0
2001,Croatia,600.0
2002,Croatia,600.0
2003,Croatia,600.0
2004,Croatia,600.0
2005,Croatia,600.0
2006,Croatia,600.0
2007,Croatia,600.0
2008,Croatia,1000.0
2009,Croatia,1100.0
2010,Croatia,1100.0
2011,Croatia,1200.0
1990,Cuba,1100.0
1991,Cuba,1200.0
1992,Cuba,1300.0
1993,Cuba,1400.0
1994,Cuba,1600.0
1995,Cuba,1800.0
1996,Cuba,2000.0
1997,Cuba,2200.0
1998,Cuba,2500.0
1999,Cuba,2800.0
2000,Cuba,3100.0
2001,Cuba,3600.0
2002,Cuba,4100.0
2003,Cuba,4700.0
2004,Cuba,5400.0
2005,Cuba,6200.0
2006,Cuba,7100.0
2007,Cuba,8100.0
2008,Cuba,9300.0
2009,Cuba,11000.0
2010,Cuba,12000.0
2011,Cuba,14000.0
1990,Czech Republic,160.0
1991,Czech Republic,350.0
1992,Czech Republic,350.0
1993,Czech Republic,350.0
1994,Czech Republic,600.0
1995,Czech Republic,600.0
1996,Czech Republic,600.0
1997,Czech Republic,600.0
1998,Czech Republic,1000.0
1999,Czech Republic,1100.0
2000,Czech Republic,1300.0
2001,Czech Republic,1400.0
2002,Czech Republic,1500.0
2003,Czech Republic,1600.0
2004,Czech Republic,1600.0
2005,Czech Republic,1700.0
2006,Czech Republic,1800.0
2007,Czech Republic,1800.0
2008,Czech Republic,1900.0
2009,Czech Republic,2000.0
2010,Czech Republic,2000.0
2011,Czech Republic,2100.0
1982,Denmark,360.0
1990,Denmark,1300.0
1991,Denmark,1500.0
1992,Denmark,1600.0
1993,Denmark,1700.0
1994,Denmark,1900.0
1995,Denmark,2000.0
1996,Denmark,2200.0
1997,Denmark,2400.0
1998,Denmark,2700.0
1999,Denmark,2900.0
2000,Denmark,3200.0
2001,Denmark,3500.0
2002,Denmark,3700.0
2003,Denmark,4000.0
2004,Denmark,4300.0
2005,Denmark,4500.0
2006,Denmark,4800.0
2007,Denmark,5100.0
2008,Denmark,5300.0
2009,Denmark,5600.0
2010,Denmark,5800.0
2011,Denmark,6100.0
1983,Djibouti,25.0
1990,Djibouti,1800.0
1991,Djibouti,2700.0
1992,Djibouti,3900.0
1993,Djibouti,5100.0
1994,Djibouti,6400.0
1995,Djibouti,7700.0
1996,Djibouti,8900.0
1997,Djibouti,10000.0
1998,Djibouti,11000.0
1999,Djibouti,12000.0
2000,Djibouti,12000.0
2001,Djibouti,12000.0
2002,Djibouti,12000.0
2003,Djibouti,12000.0
2004,Djibouti,11000.0
2005,Djibouti,11000.0
2006,Djibouti,11000.0
2007,Djibouti,10000.0
2008,Djibouti,10000.0
2009,Djibouti,9700.0
2010,Djibouti,9400.0
2011,Djibouti,9200.0
1979,Dominican Republic,1510.0
1990,Dominican Republic,16000.0
1991,Dominican Republic,21000.0
1992,Dominican Republic,27000.0
1993,Dominican Republic,32000.0
1994,Dominican Republic,36000.0
1995,Dominican Republic,41000.0
1996,Dominican Republic,44000.0
1997,Dominican Republic,47000.0
1998,Dominican Republic,49000.0
1999,Dominican Republic,50000.0
2000,Dominican Republic,51000.0
2001,Dominican Republic,52000.0
2002,Dominican Republic,52000.0
2003,Dominican Republic,51000.0
2004,Dominican Republic,50000.0
2005,Dominican Republic,49000.0
2006,Dominican Republic,48000.0
2007,Dominican Republic,47000.0
2008,Dominican Republic,46000.0
2009,Dominican Republic,45000.0
2010,Dominican Republic,45000.0
2011,Dominican Republic,44000.0
1979,Ecuador,464.0
1990,Ecuador,12000.0
1991,Ecuador,13000.0
1992,Ecuador,15000.0
1993,Ecuador,16000.0
1994,Ecuador,18000.0
1995,Ecuador,20000.0
1996,Ecuador,22000.0
1997,Ecuador,24000.0
1998,Ecuador,26000.0
1999,Ecuador,28000.0
2000,Ecuador,30000.0
2001,Ecuador,32000.0
2002,Ecuador,33000.0
2003,Ecuador,34000.0
2004,Ecuador,34000.0
2005,Ecuador,35000.0
2006,Ecuador,35000.0
2007,Ecuador,35000.0
2008,Ecuador,34000.0
2009,Ecuador,34000.0
2010,Ecuador,35000.0
2011,Ecuador,35000.0
1990,Egypt,600.0
1991,Egypt,600.0
1992,Egypt,600.0
1993,Egypt,1200.0
1994,Egypt,1700.0
1995,Egypt,2300.0
1996,Egypt,3100.0
1997,Egypt,4300.0
1998,Egypt,5700.0
1999,Egypt,7300.0
2000,Egypt,8400.0
2001,Egypt,9100.0
2002,Egypt,9300.0
2003,Egypt,9100.0
2004,Egypt,8800.0
2005,Egypt,8400.0
2006,Egypt,8100.0
2007,Egypt,8000.0
2008,Egypt,8000.0
2009,Egypt,8300.0
2010,Egypt,8800.0
2011,Egypt,9500.0
1985,El Salvador,297.0
1990,El Salvador,3200.0
1991,El Salvador,3900.0
1992,El Salvador,4800.0
1993,El Salvador,5700.0
1994,El Salvador,6600.0
1995,El Salvador,7500.0
1996,El Salvador,8300.0
1997,El Salvador,9000.0
1998,El Salvador,9700.0
1999,El Salvador,10000.0
2000,El Salvador,11000.0
2001,El Salvador,12000.0
2002,El Salvador,12000.0
2003,El Salvador,13000.0
2004,El Salvador,14000.0
2005,El Salvador,15000.0
2006,El Salvador,16000.0
2007,El Salvador,18000.0
2008,El Salvador,19000.0
2009,El Salvador,21000.0
2010,El Salvador,22000.0
2011,El Salvador,24000.0
1979,Equatorial Guinea,113.0
1990,Equatorial Guinea,2000.0
1991,Equatorial Guinea,2300.0
1992,Equatorial Guinea,2700.0
1993,Equatorial Guinea,3000.0
1994,Equatorial Guinea,3400.0
1995,Equatorial Guinea,3900.0
1996,Equatorial Guinea,4400.0
1997,Equatorial Guinea,4900.0
1998,Equatorial Guinea,5500.0
1999,Equatorial Guinea,6200.0
2000,Equatorial Guinea,7000.0
2001,Equatorial Guinea,7900.0
2002,Equatorial Guinea,8800.0
2003,Equatorial Guinea,9800.0
2004,Equatorial Guinea,11000.0
2005,Equatorial Guinea,12000.0
2006,Equatorial Guinea,13000.0
2007,Equatorial Guinea,14000.0
2008,Equatorial Guinea,16000.0
2009,Equatorial Guinea,17000.0
2010,Equatorial Guinea,18000.0
2011,Equatorial Guinea,20000.0
1985,Eritrea,153.0
1990,Eritrea,2500.0
1991,Eritrea,3200.0
1992,Eritrea,4200.0
1993,Eritrea,6000.0
1994,Eritrea,8800.0
1995,Eritrea,12000.0
1996,Eritrea,16000.0
1997,Eritrea,18000.0
1998,Eritrea,20000.0
1999,Eritrea,21000.0
2000,Eritrea,22000.0
2001,Eritrea,23000.0
2002,Eritrea,24000.0
2003,Eritrea,24000.0
2004,Eritrea,24000.0
2005,Eritrea,24000.0
2006,Eritrea,24000.0
2007,Eritrea,24000.0
2008,Eritrea,24000.0
2009,Eritrea,23000.0
2010,Eritrea,23000.0
2011,Eritrea,23000.0
1990,Estonia,60.0
1991,Estonia,160.0
1992,Estonia,350.0
1993,Estonia,350.0
1994,Estonia,350.0
1995,Estonia,600.0
1996,Estonia,600.0
1997,Estonia,1400.0
1998,Estonia,1900.0
1999,Estonia,2700.0
2000,Estonia,3600.0
2001,Estonia,4700.0
2002,Estonia,5700.0
2003,Estonia,6700.0
2004,Estonia,7500.0
2005,Estonia,8100.0
2006,Estonia,8600.0
2007,Estonia,9000.0
2008,Estonia,9300.0
2009,Estonia,9500.0
2010,Estonia,9700.0
2011,Estonia,9900.0
1990,Ethiopia,330000.0
1991,Ethiopia,430000.0
1992,Ethiopia,550000.0
1993,Ethiopia,670000.0
1994,Ethiopia,790000.0
1995,Ethiopia,910000.0
1996,Ethiopia,1000000.0
1997,Ethiopia,1100000.0
1998,Ethiopia,1200000.0
1999,Ethiopia,1200000.0
2000,Ethiopia,1300000.0
2001,Ethiopia,1300000.0
2002,Ethiopia,1300000.0
2003,Ethiopia,1200000.0
2004,Ethiopia,1200000.0
2005,Ethiopia,1100000.0
2006,Ethiopia,1100000.0
2007,Ethiopia,990000.0
2008,Ethiopia,930000.0
2009,Ethiopia,870000.0
2010,Ethiopia,830000.0
2011,Ethiopia,790000.0
1990,Fiji,60.0
1991,Fiji,60.0
1992,Fiji,60.0
1993,Fiji,60.0
1994,Fiji,60.0
1995,Fiji,60.0
1996,Fiji,60.0
1997,Fiji,60.0
1998,Fiji,60.0
1999,Fiji,60.0
2000,Fiji,60.0
2001,Fiji,60.0
2002,Fiji,60.0
2003,Fiji,60.0
2004,Fiji,60.0
2005,Fiji,60.0
2006,Fiji,160.0
2007,Fiji,160.0
2008,Fiji,160.0
2009,Fiji,160.0
2010,Fiji,350.0
2011,Fiji,350.0
1983,Finland,287.0
1990,Finland,600.0
1991,Finland,600.0
1992,Finland,600.0
1993,Finland,600.0
1994,Finland,600.0
1995,Finland,1000.0
1996,Finland,1100.0
1997,Finland,1200.0
1998,Finland,1300.0
1999,Finland,1500.0
2000,Finland,1600.0
2001,Finland,1700.0
2002,Finland,1800.0
2003,Finland,2000.0
2004,Finland,2100.0
2005,Finland,2200.0
2006,Finland,2300.0
2007,Finland,2400.0
2008,Finland,2600.0
2009,Finland,2700.0
2010,Finland,2800.0
2011,Finland,2900.0
1981,France,4411.0
1990,France,100000.0
1991,France,98000.0
1992,France,97000.0
1993,France,96000.0
1994,France,96000.0
1995,France,96000.0
1996,France,98000.0
1997,France,100000.0
1998,France,110000.0
1999,France,110000.0
2000,France,120000.0
2001,France,120000.0
2002,France,120000.0
2003,France,130000.0
2004,France,130000.0
2005,France,130000.0
2006,France,140000.0
2007,France,140000.0
2008,France,150000.0
2009,France,150000.0
2010,France,160000.0
2011,France,160000.0
1979,Gabon,125.0
1990,Gabon,5500.0
1991,Gabon,6900.0
1992,Gabon,8700.0
1993,Gabon,11000.0
1994,Gabon,13000.0
1995,Gabon,16000.0
1996,Gabon,19000.0
1997,Gabon,22000.0
1998,Gabon,26000.0
1999,Gabon,29000.0
2000,Gabon,32000.0
2001,Gabon,35000.0
2002,Gabon,38000.0
2003,Gabon,39000.0
2004,Gabon,41000.0
2005,Gabon,42000.0
2006,Gabon,43000.0
2007,Gabon,44000.0
2008,Gabon,45000.0
2009,Gabon,45000.0
2010,Gabon,46000.0
2011,Gabon,46000.0
1990,Gambia,600.0
1991,Gambia,600.0
1992,Gambia,1000.0
1993,Gambia,1200.0
1994,Gambia,1500.0
1995,Gambia,1900.0
1996,Gambia,2300.0
1997,Gambia,2800.0
1998,Gambia,3300.0
1999,Gambia,4000.0
2000,Gambia,4800.0
2001,Gambia,5700.0
2002,Gambia,6700.0
2003,Gambia,7700.0
2004,Gambia,8800.0
2005,Gambia,9800.0
2006,Gambia,11000.0
2007,Gambia,11000.0
2008,Gambia,12000.0
2009,Gambia,13000.0
2010,Gambia,13000.0
2011,Gambia,14000.0
1990,Georgia,350.0
1991,Georgia,350.0
1992,Georgia,350.0
1993,Georgia,350.0
1994,Georgia,350.0
1995,Georgia,350.0
1996,Georgia,600.0
1997,Georgia,600.0
1998,Georgia,600.0
1999,Georgia,600.0
2000,Georgia,600.0
2001,Georgia,1100.0
2002,Georgia,1300.0
2003,Georgia,1500.0
2004,Georgia,1800.0
2005,Georgia,2000.0
2006,Georgia,2400.0
2007,Georgia,2800.0
2008,Georgia,3200.0
2009,Georgia,3700.0
2010,Georgia,4300.0
2011,Georgia,4900.0
1982,Germany,10342.0
1990,Germany,34000.0
1991,Germany,35000.0
1992,Germany,36000.0
1993,Germany,36000.0
1994,Germany,36000.0
1995,Germany,36000.0
1996,Germany,37000.0
1997,Germany,38000.0
1998,Germany,39000.0
1999,Germany,41000.0
2000,Germany,42000.0
2001,Germany,44000.0
2002,Germany,47000.0
2003,Germany,49000.0
2004,Germany,52000.0
2005,Germany,56000.0
2006,Germany,59000.0
2007,Germany,62000.0
2008,Germany,65000.0
2009,Germany,68000.0
2010,Germany,71000.0
2011,Germany,73000.0
1990,Ghana,81000.0
1991,Ghana,98000.0
1992,Ghana,120000.0
1993,Ghana,130000.0
1994,Ghana,150000.0
1995,Ghana,170000.0
1996,Ghana,190000.0
1997,Ghana,200000.0
1998,Ghana,220000.0
1999,Ghana,230000.0
2000,Ghana,240000.0
2001,Ghana,250000.0
2002,Ghana,250000.0
2003,Ghana,260000.0
2004,Ghana,260000.0
2005,Ghana,250000.0
2006,Ghana,250000.0
2007,Ghana,250000.0
2008,Ghana,240000.0
2009,Ghana,240000.0
2010,Ghana,230000.0
2011,Ghana,230000.0
1979,Greece,473.0
1990,Greece,5500.0
1991,Greece,5700.0
1992,Greece,6000.0
1993,Greece,6100.0
1994,Greece,6300.0
1995,Greece,6400.0
1996,Greece,6600.0
1997,Greece,6900.0
1998,Greece,7300.0
1999,Greece,7700.0
2000,Greece,8100.0
2001,Greece,8500.0
2002,Greece,8800.0
2003,Greece,9100.0
2004,Greece,9300.0
2005,Greece,9500.0
2006,Greece,9700.0
2007,Greece,9900.0
2008,Greece,10000.0
2009,Greece,10000.0
2010,Greece,11000.0
2011,Greece,11000.0
1990,Guatemala,5400.0
1991,Guatemala,6800.0
1992,Guatemala,8500.0
1993,Guatemala,10000.0
1994,Guatemala,13000.0
1995,Guatemala,15000.0
1996,Guatemala,17000.0
1997,Guatemala,20000.0
1998,Guatemala,22000.0
1999,Guatemala,24000.0
2000,Guatemala,26000.0
2001,Guatemala,28000.0
2002,Guatemala,29000.0
2003,Guatemala,31000.0
2004,Guatemala,34000.0
2005,Guatemala,36000.0
2006,Guatemala,39000.0
2007,Guatemala,43000.0
2008,Guatemala,47000.0
2009,Guatemala,52000.0
2010,Guatemala,58000.0
2011,Guatemala,65000.0
1979,Guinea,352.0
1990,Guinea,23000.0
1991,Guinea,27000.0
1992,Guinea,32000.0
1993,Guinea,38000.0
1994,Guinea,43000.0
1995,Guinea,48000.0
1996,Guinea,53000.0
1997,Guinea,58000.0
1998,Guinea,62000.0
1999,Guinea,66000.0
2000,Guinea,69000.0
2001,Guinea,72000.0
2002,Guinea,75000.0
2003,Guinea,77000.0
2004,Guinea,78000.0
2005,Guinea,80000.0
2006,Guinea,81000.0
2007,Guinea,82000.0
2008,Guinea,83000.0
2009,Guinea,83000.0
2010,Guinea,84000.0
2011,Guinea,85000.0
1981,Guinea-Bissau,29.0
1990,Guinea-Bissau,1500.0
1991,Guinea-Bissau,1800.0
1992,Guinea-Bissau,2200.0
1993,Guinea-Bissau,2700.0
1994,Guinea-Bissau,3300.0
1995,Guinea-Bissau,3900.0
1996,Guinea-Bissau,4700.0
1997,Guinea-Bissau,5500.0
1998,Guinea-Bissau,6500.0
1999,Guinea-Bissau,7500.0
2000,Guinea-Bissau,8600.0
2001,Guinea-Bissau,9800.0
2002,Guinea-Bissau,11000.0
2003,Guinea-Bissau,12000.0
2004,Guinea-Bissau,14000.0
2005,Guinea-Bissau,15000.0
2006,Guinea-Bissau,16000.0
2007,Guinea-Bissau,17000.0
2008,Guinea-Bissau,19000.0
2009,Guinea-Bissau,20000.0
2010,Guinea-Bissau,22000.0
2011,Guinea-Bissau,24000.0
1979,Guyana,117.0
1990,Guyana,2700.0
1991,Guyana,3300.0
1992,Guyana,4000.0
1993,Guyana,4700.0
1994,Guyana,5500.0
1995,Guyana,6300.0
1996,Guyana,7100.0
1997,Guyana,7800.0
1998,Guyana,8400.0
1999,Guyana,8700.0
2000,Guyana,8900.0
2001,Guyana,8900.0
2002,Guyana,8700.0
2003,Guyana,8500.0
2004,Guyana,8100.0
2005,Guyana,7800.0
2006,Guyana,7400.0
2007,Guyana,7200.0
2008,Guyana,6900.0
2009,Guyana,6600.0
2010,Guyana,6400.0
2011,Guyana,6200.0
1979,Haiti,3409.0
1990,Haiti,100000.0
1991,Haiti,110000.0
1992,Haiti,120000.0
1993,Haiti,130000.0
1994,Haiti,130000.0
1995,Haiti,130000.0
1996,Haiti,130000.0
1997,Haiti,130000.0
1998,Haiti,130000.0
1999,Haiti,130000.0
2000,Haiti,130000.0
2001,Haiti,130000.0
2002,Haiti,130000.0
2003,Haiti,130000.0
2004,Haiti,120000.0
2005,Haiti,120000.0
2006,Haiti,120000.0
2007,Haiti,120000.0
2008,Haiti,120000.0
2009,Haiti,120000.0
2010,Haiti,120000.0
2011,Haiti,120000.0
1979,Honduras,140.0
1990,Honduras,35000.0
1991,Honduras,49000.0
1992,Honduras,61000.0
1993,Honduras,71000.0
1994,Honduras,77000.0
1995,Honduras,81000.0
1996,Honduras,81000.0
1997,Honduras,80000.0
1998,Honduras,77000.0
1999,Honduras,73000.0
2000,Honduras,69000.0
2001,Honduras,64000.0
2002,Honduras,59000.0
2003,Honduras,55000.0
2004,Honduras,50000.0
2005,Honduras,47000.0
2006,Honduras,44000.0
2007,Honduras,41000.0
2008,Honduras,38000.0
2009,Honduras,36000.0
2010,Honduras,34000.0
2011,Honduras,33000.0
1990,Hungary,5500.0
1991,Hungary,5300.0
1992,Hungary,5000.0
1993,Hungary,4700.0
1994,Hungary,4400.0
1995,Hungary,4100.0
1996,Hungary,3900.0
1997,Hungary,3700.0
1998,Hungary,3600.0
1999,Hungary,3500.0
2000,Hungary,3400.0
2001,Hungary,3400.0
2002,Hungary,3400.0
2003,Hungary,3400.0
2004,Hungary,3400.0
2005,Hungary,3500.0
2006,Hungary,3500.0
2007,Hungary,3600.0
2008,Hungary,3700.0
2009,Hungary,3800.0
2010,Hungary,4000.0
2011,Hungary,4100.0
1979,Iceland,14.0
1990,Iceland,60.0
1991,Iceland,60.0
1992,Iceland,60.0
1993,Iceland,160.0
1994,Iceland,160.0
1995,Iceland,160.0
1996,Iceland,160.0
1997,Iceland,350.0
1998,Iceland,350.0
1999,Iceland,350.0
2000,Iceland,350.0
2001,Iceland,350.0
2002,Iceland,350.0
2003,Iceland,350.0
2004,Iceland,350.0
2005,Iceland,350.0
2006,Iceland,350.0
2007,Iceland,350.0
2008,Iceland,350.0
2009,Iceland,350.0
2010,Iceland,600.0
2011,Iceland,600.0
1990,India,250000.0
1991,India,380000.0
1992,India,550000.0
1993,India,770000.0
1994,India,1000000.0
1995,India,1300000.0
1996,India,1600000.0
1997,India,1800000.0
1998,India,2000000.0
1999,India,2300000.0
2000,India,2400000.0
2001,India,2500000.0
2002,India,2600000.0
2003,India,2600000.0
2004,India,2605000.0
2005,India,2580000.0
2006,India,2539000.0
2007,India,2491000.0
2008,India,2442000.0
2009,India,2395000.0
1990,Indonesia,60.0
1991,Indonesia,60.0
1992,Indonesia,60.0
1993,Indonesia,60.0
1994,Indonesia,160.0
1995,Indonesia,350.0
1996,Indonesia,600.0
1997,Indonesia,1000.0
1998,Indonesia,1900.0
1999,Indonesia,3500.0
2000,Indonesia,6100.0
2001,Indonesia,12000.0
2002,Indonesia,26000.0
2003,Indonesia,57000.0
2004,Indonesia,100000.0
2005,Indonesia,140000.0
2006,Indonesia,180000.0
2007,Indonesia,220000.0
2008,Indonesia,260000.0
2009,Indonesia,300000.0
2010,Indonesia,340000.0
2011,Indonesia,380000.0
1990,Iran,2800.0
1991,Iran,3600.0
1992,Iran,4800.0
1993,Iran,6900.0
1994,Iran,10000.0
1995,Iran,15000.0
1996,Iran,22000.0
1997,Iran,29000.0
1998,Iran,37000.0
1999,Iran,44000.0
2000,Iran,51000.0
2001,Iran,56000.0
2002,Iran,61000.0
2003,Iran,66000.0
2004,Iran,71000.0
2005,Iran,75000.0
2006,Iran,78000.0
2007,Iran,82000.0
2008,Iran,85000.0
2009,Iran,89000.0
2010,Iran,93000.0
2011,Iran,96000.0
1982,Ireland,257.0
1990,Ireland,600.0
1991,Ireland,600.0
1992,Ireland,1100.0
1993,Ireland,1400.0
1994,Ireland,1800.0
1995,Ireland,2200.0
1996,Ireland,2700.0
1997,Ireland,3100.0
1998,Ireland,3600.0
1999,Ireland,4000.0
2000,Ireland,4400.0
2001,Ireland,4800.0
2002,Ireland,5100.0
2003,Ireland,5500.0
2004,Ireland,5800.0
2005,Ireland,6100.0
2006,Ireland,6400.0
2007,Ireland,6700.0
2008,Ireland,7000.0
2009,Ireland,7300.0
2010,Ireland,7600.0
2011,Ireland,7800.0
1979,Israel,192.0
1990,Israel,1200.0
1991,Israel,1500.0
1992,Israel,2000.0
1993,Israel,2400.0
1994,Israel,2900.0
1995,Israel,3300.0
1996,Israel,3700.0
1997,Israel,4100.0
1998,Israel,4500.0
1999,Israel,4900.0
2000,Israel,5200.0
2001,Israel,5500.0
2002,Israel,5800.0
2003,Israel,6100.0
2004,Israel,6400.0
2005,Israel,6700.0
2006,Israel,7000.0
2007,Israel,7400.0
2008,Israel,7700.0
2009,Israel,8000.0
2010,Israel,8200.0
2011,Israel,8500.0
1981,Italy,2880.0
1990,Italy,110000.0
1991,Italy,110000.0
1992,Italy,110000.0
1993,Italy,110000.0
1994,Italy,110000.0
1995,Italy,120000.0
1996,Italy,120000.0
1997,Italy,120000.0
1998,Italy,120000.0
1999,Italy,130000.0
2000,Italy,130000.0
2001,Italy,130000.0
2002,Italy,130000.0
2003,Italy,130000.0
2004,Italy,130000.0
2005,Italy,140000.0
2006,Italy,140000.0
2007,Italy,140000.0
2008,Italy,140000.0
2009,Italy,150000.0
2010,Italy,150000.0
2011,Italy,150000.0
1979,Jamaica,150.0
1990,Jamaica,12000.0
1991,Jamaica,16000.0
1992,Jamaica,20000.0
1993,Jamaica,24000.0
1994,Jamaica,28000.0
1995,Jamaica,32000.0
1996,Jamaica,34000.0
1997,Jamaica,36000.0
1998,Jamaica,37000.0
1999,Jamaica,37000.0
2000,Jamaica,37000.0
2001,Jamaica,36000.0
2002,Jamaica,35000.0
2003,Jamaica,35000.0
2004,Jamaica,34000.0
2005,Jamaica,33000.0
2006,Jamaica,32000.0
2007,Jamaica,31000.0
2008,Jamaica,31000.0
2009,Jamaica,30000.0
2010,Jamaica,30000.0
2011,Jamaica,30000.0
1990,Japan,5300.0
1991,Japan,5400.0
1992,Japan,5500.0
1993,Japan,5600.0
1994,Japan,5600.0
1995,Japan,5700.0
1996,Japan,5800.0
1997,Japan,5900.0
1998,Japan,5900.0
1999,Japan,6000.0
2000,Japan,6100.0
2001,Japan,6200.0
2002,Japan,6300.0
2003,Japan,6400.0
2004,Japan,6600.0
2005,Japan,6800.0
2006,Japan,7000.0
2007,Japan,7100.0
2008,Japan,7400.0
2009,Japan,7500.0
2010,Japan,7700.0
2011,Japan,7900.0
1990,Kazakhstan,160.0
1991,Kazakhstan,160.0
1992,Kazakhstan,350.0
1993,Kazakhstan,350.0
1994,Kazakhstan,600.0
1995,Kazakhstan,1600.0
1996,Kazakhstan,3300.0
1997,Kazakhstan,4800.0
1998,Kazakhstan,6000.0
1999,Kazakhstan,7100.0
2000,Kazakhstan,8200.0
2001,Kazakhstan,9200.0
2002,Kazakhstan,9900.0
2003,Kazakhstan,11000.0
2004,Kazakhstan,11000.0
2005,Kazakhstan,12000.0
2006,Kazakhstan,13000.0
2007,Kazakhstan,14000.0
2008,Kazakhstan,15000.0
2009,Kazakhstan,16000.0
2010,Kazakhstan,18000.0
2011,Kazakhstan,19000.0
1979,Kenya,4713.0
1990,Kenya,280000.0
1991,Kenya,450000.0
1992,Kenya,660000.0
1993,Kenya,910000.0
1994,Kenya,1100000.0
1995,Kenya,1300000.0
1996,Kenya,1500000.0
1997,Kenya,1600000.0
1998,Kenya,1600000.0
1999,Kenya,1600000.0
2000,Kenya,1600000.0
2001,Kenya,1600000.0
2002,Kenya,1600000.0
2003,Kenya,1600000.0
2004,Kenya,1500000.0
2005,Kenya,1500000.0
2006,Kenya,1500000.0
2007,Kenya,1500000.0
2008,Kenya,1500000.0
2009,Kenya,1600000.0
2010,Kenya,1600000.0
2011,Kenya,1600000.0
1990,Kyrgyz Republic,60.0
1991,Kyrgyz Republic,60.0
1992,Kyrgyz Republic,60.0
1993,Kyrgyz Republic,60.0
1994,Kyrgyz Republic,60.0
1995,Kyrgyz Republic,160.0
1996,Kyrgyz Republic,160.0
1997,Kyrgyz Republic,160.0
1998,Kyrgyz Republic,350.0
1999,Kyrgyz Republic,350.0
2000,Kyrgyz Republic,350.0
2001,Kyrgyz Republic,600.0
2002,Kyrgyz Republic,600.0
2003,Kyrgyz Republic,1200.0
2004,Kyrgyz Republic,1700.0
2005,Kyrgyz Republic,2400.0
2006,Kyrgyz Republic,3200.0
2007,Kyrgyz Republic,4300.0
2008,Kyrgyz Republic,5700.0
2009,Kyrgyz Republic,7500.0
2010,Kyrgyz Republic,9600.0
2011,Kyrgyz Republic,12000.0
1990,Lao,60.0
1991,Lao,160.0
1992,Lao,160.0
1993,Lao,350.0
1994,Lao,600.0
1995,Lao,600.0
1996,Lao,600.0
1997,Lao,1300.0
1998,Lao,1700.0
1999,Lao,2200.0
2000,Lao,2700.0
2001,Lao,3200.0
2002,Lao,3800.0
2003,Lao,4300.0
2004,Lao,5000.0
2005,Lao,5700.0
2006,Lao,6400.0
2007,Lao,7200.0
2008,Lao,8000.0
2009,Lao,8800.0
2010,Lao,9600.0
2011,Lao,10000.0
1990,Latvia,350.0
1991,Latvia,600.0
1992,Latvia,600.0
1993,Latvia,600.0
1994,Latvia,1100.0
1995,Latvia,1300.0
1996,Latvia,1700.0
1997,Latvia,2200.0
1998,Latvia,2700.0
1999,Latvia,3300.0
2000,Latvia,4100.0
2001,Latvia,4900.0
2002,Latvia,5700.0
2003,Latvia,6500.0
2004,Latvia,7200.0
2005,Latvia,7800.0
2006,Latvia,8300.0
2007,Latvia,8600.0
2008,Latvia,8900.0
2009,Latvia,9000.0
2010,Latvia,9100.0
2011,Latvia,9100.0
1979,Lebanon,129.0
1990,Lebanon,350.0
1991,Lebanon,350.0
1992,Lebanon,350.0
1993,Lebanon,600.0
1994,Lebanon,600.0
1995,Lebanon,600.0
1996,Lebanon,600.0
1997,Lebanon,600.0
1998,Lebanon,1000.0
1999,Lebanon,1200.0
2000,Lebanon,1300.0
2001,Lebanon,1500.0
2002,Lebanon,1600.0
2003,Lebanon,1800.0
2004,Lebanon,2000.0
2005,Lebanon,2100.0
2006,Lebanon,2300.0
2007,Lebanon,2400.0
2008,Lebanon,2500.0
2009,Lebanon,2600.0
2010,Lebanon,2800.0
2011,Lebanon,2900.0
1984,Lesotho,75.0
1990,Lesotho,6000.0
1991,Lesotho,12000.0
1992,Lesotho,23000.0
1993,Lesotho,42000.0
1994,Lesotho,72000.0
1995,Lesotho,110000.0
1996,Lesotho,150000.0
1997,Lesotho,190000.0
1998,Lesotho,210000.0
1999,Lesotho,230000.0
2000,Lesotho,250000.0
2001,Lesotho,250000.0
2002,Lesotho,260000.0
2003,Lesotho,270000.0
2004,Lesotho,270000.0
2005,Lesotho,270000.0
2006,Lesotho,280000.0
2007,Lesotho,290000.0
2008,Lesotho,290000.0
2009,Lesotho,300000.0
2010,Lesotho,310000.0
2011,Lesotho,320000.0
1979,Liberia,117.0
1990,Liberia,6900.0
1991,Liberia,8800.0
1992,Liberia,11000.0
1993,Liberia,13000.0
1994,Liberia,16000.0
1995,Liberia,19000.0
1996,Liberia,23000.0
1997,Liberia,27000.0
1998,Liberia,31000.0
1999,Liberia,35000.0
2000,Liberia,37000.0
2001,Liberia,39000.0
2002,Liberia,39000.0
2003,Liberia,39000.0
2004,Liberia,38000.0
2005,Liberia,37000.0
2006,Liberia,35000.0
2007,Liberia,33000.0
2008,Liberia,31000.0
2009,Liberia,29000.0
2010,Liberia,27000.0
2011,Liberia,25000.0
1990,Lithuania,160.0
1991,Lithuania,160.0
1992,Lithuania,160.0
1993,Lithuania,350.0
1994,Lithuania,350.0
1995,Lithuania,350.0
1996,Lithuania,350.0
1997,Lithuania,350.0
1998,Lithuania,600.0
1999,Lithuania,600.0
2000,Lithuania,600.0
2001,Lithuania,600.0
2002,Lithuania,600.0
2003,Lithuania,1000.0
2004,Lithuania,1100.0
2005,Lithuania,1200.0
2006,Lithuania,1300.0
2007,Lithuania,1300.0
2008,Lithuania,1400.0
2009,Lithuania,1400.0
2010,Lithuania,1500.0
2011,Lithuania,1500.0
1979,Luxembourg,29.0
1990,Luxembourg,160.0
1991,Luxembourg,160.0
1992,Luxembourg,160.0
1993,Luxembourg,350.0
1994,Luxembourg,350.0
1995,Luxembourg,350.0
1996,Luxembourg,350.0
1997,Luxembourg,350.0
1998,Luxembourg,350.0
1999,Luxembourg,600.0
2000,Luxembourg,600.0
2001,Luxembourg,600.0
2002,Luxembourg,600.0
2003,Luxembourg,600.0
2004,Luxembourg,600.0
2005,Luxembourg,600.0
2006,Luxembourg,600.0
2007,Luxembourg,600.0
2008,Luxembourg,600.0
2009,Luxembourg,600.0
2010,Luxembourg,600.0
2011,Luxembourg,600.0
1990,Madagascar,7100.0
1991,Madagascar,8200.0
1992,Madagascar,9500.0
1993,Madagascar,11000.0
1994,Madagascar,12000.0
1995,Madagascar,14000.0
1996,Madagascar,15000.0
1997,Madagascar,17000.0
1998,Madagascar,18000.0
1999,Madagascar,20000.0
2000,Madagascar,21000.0
2001,Madagascar,22000.0
2002,Madagascar,23000.0
2003,Madagascar,25000.0
2004,Madagascar,26000.0
2005,Madagascar,27000.0
2006,Madagascar,28000.0
2007,Madagascar,29000.0
2008,Madagascar,30000.0
2009,Madagascar,31000.0
2010,Madagascar,32000.0
2011,Madagascar,34000.0
1980,Malawi,480.0
1990,Malawi,360000.0
1991,Malawi,420000.0
1992,Malawi,480000.0
1993,Malawi,530000.0
1994,Malawi,570000.0
1995,Malawi,610000.0
1996,Malawi,660000.0
1997,Malawi,700000.0
1998,Malawi,750000.0
1999,Malawi,790000.0
2000,Malawi,830000.0
2001,Malawi,860000.0
2002,Malawi,890000.0
2003,Malawi,910000.0
2004,Malawi,920000.0
2005,Malawi,930000.0
2006,Malawi,930000.0
2007,Malawi,930000.0
2008,Malawi,920000.0
2009,Malawi,920000.0
2010,Malawi,910000.0
2011,Malawi,910000.0
1987,Malaysia,476.0
1990,Malaysia,11000.0
1991,Malaysia,16000.0
1992,Malaysia,21000.0
1993,Malaysia,26000.0
1994,Malaysia,31000.0
1995,Malaysia,36000.0
1996,Malaysia,42000.0
1997,Malaysia,46000.0
1998,Malaysia,50000.0
1999,Malaysia,52000.0
2000,Malaysia,55000.0
2001,Malaysia,58000.0
2002,Malaysia,61000.0
2003,Malaysia,63000.0
2004,Malaysia,67000.0
2005,Malaysia,70000.0
2006,Malaysia,73000.0
2007,Malaysia,76000.0
2008,Malaysia,78000.0
2009,Malaysia,80000.0
2010,Malaysia,81000.0
2011,Malaysia,81000.0
1990,Maldives,60.0
1991,Maldives,60.0
1992,Maldives,60.0
1993,Maldives,60.0
1994,Maldives,60.0
1995,Maldives,60.0
1996,Maldives,60.0
1997,Maldives,60.0
1998,Maldives,60.0
1999,Maldives,60.0
2000,Maldives,60.0
2001,Maldives,60.0
2002,Maldives,60.0
2003,Maldives,60.0
2004,Maldives,60.0
2005,Maldives,60.0
2006,Maldives,60.0
2007,Maldives,60.0
2008,Maldives,60.0
2009,Maldives,60.0
2010,Maldives,60.0
2011,Maldives,60.0
1982,Mali,391.0
1990,Mali,49000.0
1991,Mali,56000.0
1992,Mali,64000.0
1993,Mali,72000.0
1994,Mali,79000.0
1995,Mali,85000.0
1996,Mali,91000.0
1997,Mali,96000.0
1998,Mali,100000.0
1999,Mali,100000.0
2000,Mali,110000.0
2001,Mali,110000.0
2002,Mali,110000.0
2003,Mali,110000.0
2004,Mali,110000.0
2005,Mali,110000.0
2006,Mali,110000.0
2007,Mali,100000.0
2008,Mali,100000.0
2009,Mali,110000.0
2010,Mali,110000.0
2011,Mali,110000.0
1990,Malta,60.0
1991,Malta,60.0
1992,Malta,60.0
1993,Malta,60.0
1994,Malta,160.0
1995,Malta,160.0
1996,Malta,160.0
1997,Malta,160.0
1998,Malta,160.0
1999,Malta,160.0
2000,Malta,350.0
2001,Malta,350.0
2002,Malta,350.0
2003,Malta,350.0
2004,Malta,350.0
2005,Malta,350.0
2006,Malta,350.0
2007,Malta,350.0
2008,Malta,350.0
2009,Malta,350.0
2010,Malta,350.0
2011,Malta,350.0
1990,Mauritania,3500.0
1991,Mauritania,4000.0
1992,Mauritania,4500.0
1993,Mauritania,5100.0
1994,Mauritania,5700.0
1995,Mauritania,6300.0
1996,Mauritania,6900.0
1997,Mauritania,7500.0
1998,Mauritania,8100.0
1999,Mauritania,8700.0
2000,Mauritania,9400.0
2001,Mauritania,10000.0
2002,Mauritania,11000.0
2003,Mauritania,12000.0
2004,Mauritania,12000.0
2005,Mauritania,13000.0
2006,Mauritania,15000.0
2007,Mauritania,16000.0
2008,Mauritania,18000.0
2009,Mauritania,20000.0
2010,Mauritania,22000.0
2011,Mauritania,24000.0
1990,Mauritius,350.0
1991,Mauritius,350.0
1992,Mauritius,600.0
1993,Mauritius,600.0
1994,Mauritius,1300.0
1995,Mauritius,1800.0
1996,Mauritius,2400.0
1997,Mauritius,3100.0
1998,Mauritius,3900.0
1999,Mauritius,4800.0
2000,Mauritius,5700.0
2001,Mauritius,6600.0
2002,Mauritius,7300.0
2003,Mauritius,7800.0
2004,Mauritius,8200.0
2005,Mauritius,8400.0
2006,Mauritius,8400.0
2007,Mauritius,8300.0
2008,Mauritius,8100.0
2009,Mauritius,7900.0
2010,Mauritius,7700.0
2011,Mauritius,7400.0
1979,Mexico,10249.0
1990,Mexico,93000.0
1991,Mexico,99000.0
1992,Mexico,100000.0
1993,Mexico,110000.0
1994,Mexico,110000.0
1995,Mexico,120000.0
1996,Mexico,120000.0
1997,Mexico,130000.0
1998,Mexico,130000.0
1999,Mexico,140000.0
2000,Mexico,140000.0
2001,Mexico,140000.0
2002,Mexico,150000.0
2003,Mexico,150000.0
2004,Mexico,150000.0
2005,Mexico,160000.0
2006,Mexico,160000.0
2007,Mexico,160000.0
2008,Mexico,170000.0
2009,Mexico,170000.0
2010,Mexico,180000.0
2011,Mexico,180000.0
1990,Moldova,600.0
1991,Moldova,600.0
1992,Moldova,600.0
1993,Moldova,1100.0
1994,Moldova,1400.0
1995,Moldova,1900.0
1996,Moldova,3400.0
1997,Moldova,6900.0
1998,Moldova,9500.0
1999,Moldova,11000.0
2000,Moldova,11000.0
2001,Moldova,11000.0
2002,Moldova,11000.0
2003,Moldova,11000.0
2004,Moldova,12000.0
2005,Moldova,12000.0
2006,Moldova,12000.0
2007,Moldova,12000.0
2008,Moldova,13000.0
2009,Moldova,13000.0
2010,Moldova,14000.0
2011,Moldova,15000.0
1990,Mongolia,60.0
1991,Mongolia,60.0
1992,Mongolia,60.0
1993,Mongolia,60.0
1994,Mongolia,60.0
1995,Mongolia,60.0
1996,Mongolia,60.0
1997,Mongolia,60.0
1998,Mongolia,60.0
1999,Mongolia,60.0
2000,Mongolia,60.0
2001,Mongolia,60.0
2002,Mongolia,60.0
2003,Mongolia,60.0
2004,Mongolia,60.0
2005,Mongolia,160.0
2006,Mongolia,160.0
2007,Mongolia,350.0
2008,Mongolia,350.0
2009,Mongolia,350.0
2010,Mongolia,600.0
2011,Mongolia,600.0
1990,Morocco,1400.0
1991,Morocco,1800.0
1992,Morocco,2200.0
1993,Morocco,2800.0
1994,Morocco,3400.0
1995,Morocco,4100.0
1996,Morocco,5000.0
1997,Morocco,6100.0
1998,Morocco,7300.0
1999,Morocco,8600.0
2000,Morocco,10000.0
2001,Morocco,12000.0
2002,Morocco,13000.0
2003,Morocco,15000.0
2004,Morocco,17000.0
2005,Morocco,19000.0
2006,Morocco,21000.0
2007,Morocco,23000.0
2008,Morocco,25000.0
2009,Morocco,27000.0
2010,Morocco,29000.0
2011,Morocco,32000.0
1979,Mozambique,3742.0
1990,Mozambique,24000.0
1991,Mozambique,47000.0
1992,Mozambique,90000.0
1993,Mozambique,160000.0
1994,Mozambique,250000.0
1995,Mozambique,340000.0
1996,Mozambique,430000.0
1997,Mozambique,510000.0
1998,Mozambique,590000.0
1999,Mozambique,670000.0
2000,Mozambique,760000.0
2001,Mozambique,850000.0
2002,Mozambique,930000.0
2003,Mozambique,1000000.0
2004,Mozambique,1100000.0
2005,Mozambique,1100000.0
2006,Mozambique,1200000.0
2007,Mozambique,1200000.0
2008,Mozambique,1300000.0
2009,Mozambique,1300000.0
2010,Mozambique,1400000.0
2011,Mozambique,1400000.0
1985,Myanmar,1520.0
1990,Myanmar,34000.0
1991,Myanmar,47000.0
1992,Myanmar,59000.0
1993,Myanmar,73000.0
1994,Myanmar,87000.0
1995,Myanmar,100000.0
1996,Myanmar,120000.0
1997,Myanmar,140000.0
1998,Myanmar,160000.0
1999,Myanmar,190000.0
2000,Myanmar,210000.0
2001,Myanmar,230000.0
2002,Myanmar,240000.0
2003,Myanmar,250000.0
2004,Myanmar,250000.0
2005,Myanmar,260000.0
2006,Myanmar,250000.0
2007,Myanmar,250000.0
2008,Myanmar,240000.0
2009,Myanmar,240000.0
2010,Myanmar,230000.0
2011,Myanmar,220000.0
1979,Namibia,70.0
1990,Namibia,12000.0
1991,Namibia,17000.0
1992,Namibia,24000.0
1993,Namibia,32000.0
1994,Namibia,44000.0
1995,Namibia,59000.0
1996,Namibia,77000.0
1997,Namibia,97000.0
1998,Namibia,120000.0
1999,Namibia,130000.0
2000,Namibia,150000.0
2001,Namibia,160000.0
2002,Namibia,170000.0
2003,Namibia,180000.0
2004,Namibia,180000.0
2005,Namibia,180000.0
2006,Namibia,180000.0
2007,Namibia,180000.0
2008,Namibia,180000.0
2009,Namibia,190000.0
2010,Namibia,190000.0
2011,Namibia,190000.0
1985,Nepal,680.0
1990,Nepal,600.0
1991,Nepal,600.0
1992,Nepal,1600.0
1993,Nepal,2500.0
1994,Nepal,3900.0
1995,Nepal,5900.0
1996,Nepal,8800.0
1997,Nepal,13000.0
1998,Nepal,18000.0
1999,Nepal,26000.0
2000,Nepal,34000.0
2001,Nepal,43000.0
2002,Nepal,51000.0
2003,Nepal,57000.0
2004,Nepal,61000.0
2005,Nepal,63000.0
2006,Nepal,63000.0
2007,Nepal,62000.0
2008,Nepal,59000.0
2009,Nepal,56000.0
2010,Nepal,53000.0
2011,Nepal,49000.0
1982,Netherlands,896.0
1990,Netherlands,6700.0
1991,Netherlands,8400.0
1992,Netherlands,10000.0
1993,Netherlands,12000.0
1994,Netherlands,13000.0
1995,Netherlands,14000.0
1996,Netherlands,15000.0
1997,Netherlands,16000.0
1998,Netherlands,17000.0
1999,Netherlands,17000.0
2000,Netherlands,18000.0
2001,Netherlands,19000.0
2002,Netherlands,19000.0
2003,Netherlands,20000.0
2004,Netherlands,21000.0
2005,Netherlands,21000.0
2006,Netherlands,22000.0
2007,Netherlands,23000.0
2008,Netherlands,23000.0
2009,Netherlands,24000.0
2010,Netherlands,24000.0
2011,Netherlands,25000.0
1986,New Zealand,280.0
1990,New Zealand,1000.0
1991,New Zealand,1000.0
1992,New Zealand,1100.0
1993,New Zealand,1100.0
1994,New Zealand,1100.0
1995,New Zealand,1100.0
1996,New Zealand,1200.0
1997,New Zealand,1200.0
1998,New Zealand,1300.0
1999,New Zealand,1400.0
2000,New Zealand,1500.0
2001,New Zealand,1600.0
2002,New Zealand,1700.0
2003,New Zealand,1800.0
2004,New Zealand,1900.0
2005,New Zealand,2000.0
2006,New Zealand,2100.0
2007,New Zealand,2200.0
2008,New Zealand,2300.0
2009,New Zealand,2400.0
2010,New Zealand,2500.0
2011,New Zealand,2600.0
1986,Nicaragua,165.0
1990,Nicaragua,600.0
1991,Nicaragua,600.0
1992,Nicaragua,600.0
1993,Nicaragua,600.0
1994,Nicaragua,600.0
1995,Nicaragua,1100.0
1996,Nicaragua,1200.0
1997,Nicaragua,1400.0
1998,Nicaragua,1500.0
1999,Nicaragua,1700.0
2000,Nicaragua,2000.0
2001,Nicaragua,2200.0
2002,Nicaragua,2500.0
2003,Nicaragua,2900.0
2004,Nicaragua,3200.0
2005,Nicaragua,3700.0
2006,Nicaragua,4100.0
2007,Nicaragua,4700.0
2008,Nicaragua,5300.0
2009,Nicaragua,6000.0
2010,Nicaragua,6800.0
2011,Nicaragua,7600.0
1983,Niger,420.0
1990,Niger,14000.0
1991,Niger,16000.0
1992,Niger,18000.0
1993,Niger,21000.0
1994,Niger,24000.0
1995,Niger,27000.0
1996,Niger,30000.0
1997,Niger,33000.0
1998,Niger,36000.0
1999,Niger,39000.0
2000,Niger,42000.0
2001,Niger,45000.0
2002,Niger,47000.0
2003,Niger,49000.0
2004,Niger,51000.0
2005,Niger,53000.0
2006,Niger,55000.0
2007,Niger,57000.0
2008,Niger,59000.0
2009,Niger,61000.0
2010,Niger,63000.0
2011,Niger,65000.0
1979,Nigeria,13129.0
1990,Nigeria,230000.0
1991,Nigeria,360000.0
1992,Nigeria,530000.0
1993,Nigeria,740000.0
1994,Nigeria,980000.0
1995,Nigeria,1200000.0
1996,Nigeria,1500000.0
1997,Nigeria,1800000.0
1998,Nigeria,2000000.0
1999,Nigeria,2200000.0
2000,Nigeria,2400000.0
2001,Nigeria,2500000.0
2002,Nigeria,2600000.0
2003,Nigeria,2700000.0
2004,Nigeria,2800000.0
2005,Nigeria,2800000.0
2006,Nigeria,2900000.0
2007,Nigeria,3000000.0
2008,Nigeria,3100000.0
2009,Nigeria,3200000.0
2010,Nigeria,3300000.0
2011,Nigeria,3400000.0
1983,Norway,311.0
1990,Norway,600.0
1991,Norway,1200.0
1992,Norway,1400.0
1993,Norway,1700.0
1994,Norway,2000.0
1995,Norway,2200.0
1996,Norway,2400.0
1997,Norway,2600.0
1998,Norway,2800.0
1999,Norway,2900.0
2000,Norway,3100.0
2001,Norway,3200.0
2002,Norway,3300.0
2003,Norway,3400.0
2004,Norway,3600.0
2005,Norway,3700.0
2006,Norway,3800.0
2007,Norway,4000.0
2008,Norway,4100.0
2009,Norway,4200.0
2010,Norway,4400.0
2011,Norway,4500.0
1990,Pakistan,600.0
1991,Pakistan,600.0
1992,Pakistan,1100.0
1993,Pakistan,1400.0
1994,Pakistan,1800.0
1995,Pakistan,2400.0
1996,Pakistan,3100.0
1997,Pakistan,4100.0
1998,Pakistan,5400.0
1999,Pakistan,7000.0
2000,Pakistan,9200.0
2001,Pakistan,12000.0
2002,Pakistan,15000.0
2003,Pakistan,20000.0
2004,Pakistan,25000.0
2005,Pakistan,32000.0
2006,Pakistan,41000.0
2007,Pakistan,51000.0
2008,Pakistan,65000.0
2009,Pakistan,81000.0
2010,Pakistan,100000.0
2011,Pakistan,130000.0
1979,Panama,443.0
1990,Panama,11000.0
1991,Panama,13000.0
1992,Panama,16000.0
1993,Panama,19000.0
1994,Panama,21000.0
1995,Panama,24000.0
1996,Panama,25000.0
1997,Panama,26000.0
1998,Panama,26000.0
1999,Panama,26000.0
2000,Panama,26000.0
2001,Panama,25000.0
2002,Panama,25000.0
2003,Panama,24000.0
2004,Panama,23000.0
2005,Panama,22000.0
2006,Panama,21000.0
2007,Panama,20000.0
2008,Panama,19000.0
2009,Panama,19000.0
2010,Panama,18000.0
2011,Panama,18000.0
1987,Papua New Guinea,133.0
1990,Papua New Guinea,4000.0
1991,Papua New Guinea,5500.0
1992,Papua New Guinea,7300.0
1993,Papua New Guinea,9200.0
1994,Papua New Guinea,11000.0
1995,Papua New Guinea,14000.0
1996,Papua New Guinea,16000.0
1997,Papua New Guinea,18000.0
1998,Papua New Guinea,20000.0
1999,Papua New Guinea,21000.0
2000,Papua New Guinea,23000.0
2001,Papua New Guinea,24000.0
2002,Papua New Guinea,25000.0
2003,Papua New Guinea,25000.0
2004,Papua New Guinea,26000.0
2005,Papua New Guinea,26000.0
2006,Papua New Guinea,26000.0
2007,Papua New Guinea,26000.0
2008,Papua New Guinea,27000.0
2009,Papua New Guinea,27000.0
2010,Papua New Guinea,27000.0
2011,Papua New Guinea,28000.0
1983,Paraguay,91.0
1990,Paraguay,1600.0
1991,Paraguay,1900.0
1992,Paraguay,2100.0
1993,Paraguay,2300.0
1994,Paraguay,2500.0
1995,Paraguay,2700.0
1996,Paraguay,3000.0
1997,Paraguay,3200.0
1998,Paraguay,3500.0
1999,Paraguay,3700.0
2000,Paraguay,4000.0
2001,Paraguay,4400.0
2002,Paraguay,4700.0
2003,Paraguay,5200.0
2004,Paraguay,5700.0
2005,Paraguay,6200.0
2006,Paraguay,6900.0
2007,Paraguay,7700.0
2008,Paraguay,8700.0
2009,Paraguay,9800.0
2010,Paraguay,11000.0
2011,Paraguay,13000.0
1979,Peru,1010.0
1990,Peru,27000.0
1991,Peru,34000.0
1992,Peru,44000.0
1993,Peru,53000.0
1994,Peru,62000.0
1995,Peru,70000.0
1996,Peru,75000.0
1997,Peru,78000.0
1998,Peru,80000.0
1999,Peru,80000.0
2000,Peru,80000.0
2001,Peru,79000.0
2002,Peru,77000.0
2003,Peru,75000.0
2004,Peru,73000.0
2005,Peru,71000.0
2006,Peru,70000.0
2007,Peru,69000.0
2008,Peru,69000.0
2009,Peru,70000.0
2010,Peru,71000.0
2011,Peru,74000.0
1990,Philippines,350.0
1991,Philippines,350.0
1992,Philippines,350.0
1993,Philippines,600.0
1994,Philippines,600.0
1995,Philippines,600.0
1996,Philippines,600.0
1997,Philippines,1100.0
1998,Philippines,1400.0
1999,Philippines,1700.0
2000,Philippines,2000.0
2001,Philippines,2400.0
2002,Philippines,3000.0
2003,Philippines,3600.0
2004,Philippines,4300.0
2005,Philippines,5300.0
2006,Philippines,6400.0
2007,Philippines,7700.0
2008,Philippines,9400.0
2009,Philippines,11000.0
2010,Philippines,14000.0
2011,Philippines,19000.0
1990,Poland,6800.0
1991,Poland,8600.0
1992,Poland,11000.0
1993,Poland,12000.0
1994,Poland,14000.0
1995,Poland,16000.0
1996,Poland,17000.0
1997,Poland,19000.0
1998,Poland,20000.0
1999,Poland,21000.0
2000,Poland,22000.0
2001,Poland,24000.0
2002,Poland,25000.0
2003,Poland,26000.0
2004,Poland,27000.0
2005,Poland,28000.0
2006,Poland,30000.0
2007,Poland,31000.0
2008,Poland,32000.0
2009,Poland,33000.0
2010,Poland,34000.0
2011,Poland,35000.0
1979,Portugal,1052.0
1990,Portugal,7000.0
1991,Portugal,9200.0
1992,Portugal,12000.0
1993,Portugal,15000.0
1994,Portugal,18000.0
1995,Portugal,20000.0
1996,Portugal,23000.0
1997,Portugal,26000.0
1998,Portugal,28000.0
1999,Portugal,30000.0
2000,Portugal,32000.0
2001,Portugal,34000.0
2002,Portugal,36000.0
2003,Portugal,37000.0
2004,Portugal,39000.0
2005,Portugal,40000.0
2006,Portugal,42000.0
2007,Portugal,43000.0
2008,Portugal,44000.0
2009,Portugal,45000.0
2010,Portugal,46000.0
2011,Portugal,48000.0
1990,Romania,3000.0
1991,Romania,3900.0
1992,Romania,5000.0
1993,Romania,6300.0
1994,Romania,7700.0
1995,Romania,9100.0
1996,Romania,11000.0
1997,Romania,12000.0
1998,Romania,13000.0
1999,Romania,14000.0
2000,Romania,15000.0
2001,Romania,16000.0
2002,Romania,16000.0
2003,Romania,16000.0
2004,Romania,17000.0
2005,Romania,17000.0
2006,Romania,17000.0
2007,Romania,17000.0
2008,Romania,16000.0
2009,Romania,16000.0
2010,Romania,16000.0
2011,Romania,16000.0
1979,Rwanda,220.0
1990,Rwanda,200000.0
1991,Rwanda,200000.0
1992,Rwanda,200000.0
1993,Rwanda,200000.0
1994,Rwanda,200000.0
1995,Rwanda,200000.0
1996,Rwanda,200000.0
1997,Rwanda,210000.0
1998,Rwanda,220000.0
1999,Rwanda,220000.0
2000,Rwanda,230000.0
2001,Rwanda,220000.0
2002,Rwanda,220000.0
2003,Rwanda,210000.0
2004,Rwanda,210000.0
2005,Rwanda,200000.0
2006,Rwanda,200000.0
2007,Rwanda,200000.0
2008,Rwanda,200000.0
2009,Rwanda,200000.0
2010,Rwanda,210000.0
2011,Rwanda,210000.0
1990,Sao Tome and Principe,160.0
1991,Sao Tome and Principe,160.0
1992,Sao Tome and Principe,350.0
1993,Sao Tome and Principe,350.0
1994,Sao Tome and Principe,350.0
1995,Sao Tome and Principe,350.0
1996,Sao Tome and Principe,350.0
1997,Sao Tome and Principe,350.0
1998,Sao Tome and Principe,350.0
1999,Sao Tome and Principe,600.0
2000,Sao Tome and Principe,600.0
2001,Sao Tome and Principe,600.0
2002,Sao Tome and Principe,600.0
2003,Sao Tome and Principe,600.0
2004,Sao Tome and Principe,1000.0
2005,Sao Tome and Principe,1000.0
2006,Sao Tome and Principe,1000.0
2007,Sao Tome and Principe,1000.0
2008,Sao Tome and Principe,1000.0
2009,Sao Tome and Principe,1000.0
2010,Sao Tome and Principe,1000.0
2011,Sao Tome and Principe,600.0
1981,Senegal,357.0
1990,Senegal,5000.0
1991,Senegal,5800.0
1992,Senegal,6700.0
1993,Senegal,7800.0
1994,Senegal,9100.0
1995,Senegal,11000.0
1996,Senegal,12000.0
1997,Senegal,14000.0
1998,Senegal,16000.0
1999,Senegal,19000.0
2000,Senegal,21000.0
2001,Senegal,24000.0
2002,Senegal,27000.0
2003,Senegal,30000.0
2004,Senegal,32000.0
2005,Senegal,35000.0
2006,Senegal,38000.0
2007,Senegal,41000.0
2008,Senegal,43000.0
2009,Senegal,46000.0
2010,Senegal,49000.0
2011,Senegal,53000.0
1985,Serbia,480.0
1990,Serbia,5200.0
1991,Serbia,5100.0
1992,Serbia,5000.0
1993,Serbia,4800.0
1994,Serbia,4600.0
1995,Serbia,4300.0
1996,Serbia,4000.0
1997,Serbia,3700.0
1998,Serbia,3500.0
1999,Serbia,3300.0
2000,Serbia,3200.0
2001,Serbia,3100.0
2002,Serbia,3000.0
2003,Serbia,2900.0
2004,Serbia,2900.0
2005,Serbia,2900.0
2006,Serbia,3000.0
2007,Serbia,3100.0
2008,Serbia,3200.0
2009,Serbia,3400.0
2010,Serbia,3500.0
2011,Serbia,3500.0
1985,Sierra Leone,234.0
1990,Sierra Leone,600.0
1991,Sierra Leone,1100.0
1992,Sierra Leone,1700.0
1993,Sierra Leone,2500.0
1994,Sierra Leone,3600.0
1995,Sierra Leone,5000.0
1996,Sierra Leone,6800.0
1997,Sierra Leone,8900.0
1998,Sierra Leone,11000.0
1999,Sierra Leone,14000.0
2000,Sierra Leone,18000.0
2001,Sierra Leone,21000.0
2002,Sierra Leone,25000.0
2003,Sierra Leone,30000.0
2004,Sierra Leone,34000.0
2005,Sierra Leone,38000.0
2006,Sierra Leone,41000.0
2007,Sierra Leone,44000.0
2008,Sierra Leone,45000.0
2009,Sierra Leone,47000.0
2010,Sierra Leone,48000.0
2011,Sierra Leone,49000.0
1990,Singapore,600.0
1991,Singapore,600.0
1992,Singapore,1200.0
1993,Singapore,1500.0
1994,Singapore,1800.0
1995,Singapore,2000.0
1996,Singapore,2200.0
1997,Singapore,2400.0
1998,Singapore,2500.0
1999,Singapore,2600.0
2000,Singapore,2600.0
2001,Singapore,2700.0
2002,Singapore,2700.0
2003,Singapore,2700.0
2004,Singapore,2700.0
2005,Singapore,2800.0
2006,Singapore,2900.0
2007,Singapore,3000.0
2008,Singapore,3200.0
2009,Singapore,3300.0
2010,Singapore,3400.0
2011,Singapore,3400.0
1990,Slovak Republic,60.0
1991,Slovak Republic,60.0
1992,Slovak Republic,60.0
1993,Slovak Republic,60.0
1994,Slovak Republic,60.0
1995,Slovak Republic,60.0
1996,Slovak Republic,60.0
1997,Slovak Republic,60.0
1998,Slovak Republic,160.0
1999,Slovak Republic,160.0
2000,Slovak Republic,160.0
2001,Slovak Republic,160.0
2002,Slovak Republic,160.0
2003,Slovak Republic,160.0
2004,Slovak Republic,350.0
2005,Slovak Republic,350.0
2006,Slovak Republic,350.0
2007,Slovak Republic,350.0
2008,Slovak Republic,350.0
2009,Slovak Republic,350.0
2010,Slovak Republic,350.0
2011,Slovak Republic,350.0
1990,Slovenia,60.0
1991,Slovenia,60.0
1992,Slovenia,60.0
1993,Slovenia,60.0
1994,Slovenia,60.0
1995,Slovenia,60.0
1996,Slovenia,160.0
1997,Slovenia,160.0
1998,Slovenia,160.0
1999,Slovenia,160.0
2000,Slovenia,350.0
2001,Slovenia,350.0
2002,Slovenia,350.0
2003,Slovenia,350.0
2004,Slovenia,350.0
2005,Slovenia,350.0
2006,Slovenia,350.0
2007,Slovenia,350.0
2008,Slovenia,350.0
2009,Slovenia,600.0
2010,Slovenia,600.0
2011,Slovenia,600.0
1987,Somalia,264.0
1990,Somalia,17000.0
1991,Somalia,19000.0
1992,Somalia,22000.0
1993,Somalia,24000.0
1994,Somalia,26000.0
1995,Somalia,28000.0
1996,Somalia,30000.0
1997,Somalia,31000.0
1998,Somalia,32000.0
1999,Somalia,33000.0
2000,Somalia,34000.0
2001,Somalia,34000.0
2002,Somalia,35000.0
2003,Somalia,35000.0
2004,Somalia,35000.0
2005,Somalia,35000.0
2006,Somalia,35000.0
2007,Somalia,35000.0
2008,Somalia,35000.0
2009,Somalia,35000.0
2010,Somalia,35000.0
2011,Somalia,35000.0
1981,South Africa,2089.0
1990,South Africa,100000.0
1991,South Africa,170000.0
1992,South Africa,290000.0
1993,South Africa,470000.0
1994,South Africa,750000.0
1995,South Africa,1200000.0
1996,South Africa,1700000.0
1997,South Africa,2300000.0
1998,South Africa,2900000.0
1999,South Africa,3500000.0
2000,South Africa,4000000.0
2001,South Africa,4400000.0
2002,South Africa,4700000.0
2003,South Africa,4900000.0
2004,South Africa,5000000.0
2005,South Africa,5200000.0
2006,South Africa,5200000.0
2007,South Africa,5300000.0
2008,South Africa,5400000.0
2009,South Africa,5400000.0
2010,South Africa,5500000.0
2011,South Africa,5600000.0
1990,South Korea,2600.0
1991,South Korea,2700.0
1992,South Korea,2900.0
1993,South Korea,3000.0
1994,South Korea,3100.0
1995,South Korea,3200.0
1996,South Korea,3300.0
1997,South Korea,3400.0
1998,South Korea,3600.0
1999,South Korea,3900.0
2000,South Korea,5600.0
2001,South Korea,7200.0
2002,South Korea,8600.0
2003,South Korea,9900.0
2004,South Korea,11000.0
2005,South Korea,12000.0
2006,South Korea,13000.0
2007,South Korea,13000.0
2008,South Korea,14000.0
2009,South Korea,15000.0
2010,South Korea,15000.0
2011,South Korea,15000.0
2011,South Sudan,150000.0
1981,Spain,2000.0
1990,Spain,84000.0
1991,Spain,94000.0
1992,Spain,100000.0
1993,Spain,110000.0
1994,Spain,110000.0
1995,Spain,110000.0
1996,Spain,110000.0
1997,Spain,110000.0
1998,Spain,120000.0
1999,Spain,120000.0
2000,Spain,120000.0
2001,Spain,120000.0
2002,Spain,120000.0
2003,Spain,130000.0
2004,Spain,130000.0
2005,Spain,130000.0
2006,Spain,130000.0
2007,Spain,140000.0
2008,Spain,140000.0
2009,Spain,140000.0
2010,Spain,150000.0
2011,Spain,150000.0
1990,Sri Lanka,350.0
1991,Sri Lanka,600.0
1992,Sri Lanka,600.0
1993,Sri Lanka,600.0
1994,Sri Lanka,600.0
1995,Sri Lanka,600.0
1996,Sri Lanka,1100.0
1997,Sri Lanka,1200.0
1998,Sri Lanka,1400.0
1999,Sri Lanka,1500.0
2000,Sri Lanka,1700.0
2001,Sri Lanka,1900.0
2002,Sri Lanka,2100.0
2003,Sri Lanka,2400.0
2004,Sri Lanka,2600.0
2005,Sri Lanka,2800.0
2006,Sri Lanka,3000.0
2007,Sri Lanka,3300.0
2008,Sri Lanka,3500.0
2009,Sri Lanka,3700.0
2010,Sri Lanka,3900.0
2011,Sri Lanka,4200.0
1979,Sudan,5480.0
1990,Sudan,20000.0
1991,Sudan,27000.0
1992,Sudan,35000.0
1993,Sudan,44000.0
1994,Sudan,52000.0
1995,Sudan,60000.0
1996,Sudan,66000.0
1997,Sudan,70000.0
1998,Sudan,72000.0
1999,Sudan,72000.0
2000,Sudan,70000.0
2001,Sudan,69000.0
2002,Sudan,67000.0
2003,Sudan,65000.0
2004,Sudan,63000.0
2005,Sudan,62000.0
2006,Sudan,62000.0
2007,Sudan,62000.0
2008,Sudan,63000.0
2009,Sudan,65000.0
2010,Sudan,67000.0
2011,Sudan,69000.0
1980,Suriname,20.0
1990,Suriname,3500.0
1991,Suriname,4600.0
1992,Suriname,5700.0
1993,Suriname,6700.0
1994,Suriname,7500.0
1995,Suriname,8200.0
1996,Suriname,8600.0
1997,Suriname,8800.0
1998,Suriname,8800.0
1999,Suriname,8700.0
2000,Suriname,8400.0
2001,Suriname,7900.0
2002,Suriname,7400.0
2003,Suriname,6800.0
2004,Suriname,6300.0
2005,Suriname,5800.0
2006,Suriname,5300.0
2007,Suriname,4800.0
2008,Suriname,4400.0
2009,Suriname,4000.0
2010,Suriname,3700.0
2011,Suriname,3400.0
1982,Swaziland,34.0
1990,Swaziland,12000.0
1991,Swaziland,17000.0
1992,Swaziland,22000.0
1993,Swaziland,30000.0
1994,Swaziland,39000.0
1995,Swaziland,49000.0
1996,Swaziland,61000.0
1997,Swaziland,75000.0
1998,Swaziland,88000.0
1999,Swaziland,100000.0
2000,Swaziland,110000.0
2001,Swaziland,120000.0
2002,Swaziland,130000.0
2003,Swaziland,140000.0
2004,Swaziland,150000.0
2005,Swaziland,160000.0
2006,Swaziland,160000.0
2007,Swaziland,170000.0
2008,Swaziland,170000.0
2009,Swaziland,180000.0
2010,Swaziland,180000.0
2011,Swaziland,190000.0
1983,Sweden,830.0
1990,Sweden,3100.0
1991,Sweden,3800.0
1992,Sweden,4400.0
1993,Sweden,4900.0
1994,Sweden,5300.0
1995,Sweden,5600.0
1996,Sweden,5900.0
1997,Sweden,6100.0
1998,Sweden,6300.0
1999,Sweden,6500.0
2000,Sweden,6700.0
2001,Sweden,6900.0
2002,Sweden,7200.0
2003,Sweden,7400.0
2004,Sweden,7600.0
2005,Sweden,7800.0
2006,Sweden,8000.0
2007,Sweden,8200.0
2008,Sweden,8400.0
2009,Sweden,8600.0
2010,Sweden,8900.0
2011,Sweden,9100.0
1985,Switzerland,2714.0
1990,Switzerland,7900.0
1991,Switzerland,9000.0
1992,Switzerland,10000.0
1993,Switzerland,11000.0
1994,Switzerland,11000.0
1995,Switzerland,12000.0
1996,Switzerland,12000.0
1997,Switzerland,12000.0
1998,Switzerland,13000.0
1999,Switzerland,13000.0
2000,Switzerland,13000.0
2001,Switzerland,14000.0
2002,Switzerland,14000.0
2003,Switzerland,15000.0
2004,Switzerland,16000.0
2005,Switzerland,16000.0
2006,Switzerland,17000.0
2007,Switzerland,18000.0
2008,Switzerland,19000.0
2009,Switzerland,19000.0
2010,Switzerland,20000.0
2011,Switzerland,20000.0
1990,Tajikistan,600.0
1991,Tajikistan,600.0
1992,Tajikistan,600.0
1993,Tajikistan,1000.0
1994,Tajikistan,1300.0
1995,Tajikistan,1600.0
1996,Tajikistan,2100.0
1997,Tajikistan,2700.0
1998,Tajikistan,3400.0
1999,Tajikistan,4100.0
2000,Tajikistan,4800.0
2001,Tajikistan,5400.0
2002,Tajikistan,6000.0
2003,Tajikistan,6500.0
2004,Tajikistan,7000.0
2005,Tajikistan,7400.0
2006,Tajikistan,7800.0
2007,Tajikistan,8200.0
2008,Tajikistan,8700.0
2009,Tajikistan,9200.0
2010,Tajikistan,9800.0
2011,Tajikistan,11000.0
1979,Tanzania,770.0
1990,Tanzania,660000.0
1991,Tanzania,820000.0
1992,Tanzania,980000.0
1993,Tanzania,1100000.0
1994,Tanzania,1200000.0
1995,Tanzania,1300000.0
1996,Tanzania,1400000.0
1997,Tanzania,1400000.0
1998,Tanzania,1400000.0
1999,Tanzania,1500000.0
2000,Tanzania,1500000.0
2001,Tanzania,1400000.0
2002,Tanzania,1400000.0
2003,Tanzania,1400000.0
2004,Tanzania,1400000.0
2005,Tanzania,1400000.0
2006,Tanzania,1400000.0
2007,Tanzania,1400000.0
2008,Tanzania,1400000.0
2009,Tanzania,1500000.0
2010,Tanzania,1500000.0
2011,Tanzania,1600000.0
1985,Thailand,3060.0
1990,Thailand,300000.0
1991,Thailand,440000.0
1992,Thailand,550000.0
1993,Thailand,630000.0
1994,Thailand,680000.0
1995,Thailand,700000.0
1996,Thailand,710000.0
1997,Thailand,710000.0
1998,Thailand,690000.0
1999,Thailand,680000.0
2000,Thailand,650000.0
2001,Thailand,630000.0
2002,Thailand,610000.0
2003,Thailand,590000.0
2004,Thailand,570000.0
2005,Thailand,560000.0
2006,Thailand,550000.0
2007,Thailand,540000.0
2008,Thailand,530000.0
2009,Thailand,520000.0
2010,Thailand,510000.0
2011,Thailand,490000.0
1979,Togo,129.0
1990,Togo,34000.0
1991,Togo,40000.0
1992,Togo,46000.0
1993,Togo,52000.0
1994,Togo,60000.0
1995,Togo,68000.0
1996,Togo,77000.0
1997,Togo,87000.0
1998,Togo,97000.0
1999,Togo,110000.0
2000,Togo,120000.0
2001,Togo,120000.0
2002,Togo,130000.0
2003,Togo,140000.0
2004,Togo,140000.0
2005,Togo,140000.0
2006,Togo,150000.0
2007,Togo,150000.0
2008,Togo,150000.0
2009,Togo,150000.0
2010,Togo,150000.0
2011,Togo,150000.0
1982,Trinidad and Tobago,70.0
1990,Trinidad and Tobago,1500.0
1991,Trinidad and Tobago,2100.0
1992,Trinidad and Tobago,2900.0
1993,Trinidad and Tobago,3800.0
1994,Trinidad and Tobago,4900.0
1995,Trinidad and Tobago,6000.0
1996,Trinidad and Tobago,7100.0
1997,Trinidad and Tobago,8100.0
1998,Trinidad and Tobago,9100.0
1999,Trinidad and Tobago,9900.0
2000,Trinidad and Tobago,11000.0
2001,Trinidad and Tobago,11000.0
2002,Trinidad and Tobago,11000.0
2003,Trinidad and Tobago,12000.0
2004,Trinidad and Tobago,12000.0
2005,Trinidad and Tobago,12000.0
2006,Trinidad and Tobago,13000.0
2007,Trinidad and Tobago,13000.0
2008,Trinidad and Tobago,13000.0
2009,Trinidad and Tobago,13000.0
2010,Trinidad and Tobago,13000.0
2011,Trinidad and Tobago,13000.0
1990,Tunisia,60.0
1991,Tunisia,60.0
1992,Tunisia,60.0
1993,Tunisia,160.0
1994,Tunisia,160.0
1995,Tunisia,350.0
1996,Tunisia,350.0
1997,Tunisia,350.0
1998,Tunisia,350.0
1999,Tunisia,350.0
2000,Tunisia,600.0
2001,Tunisia,600.0
2002,Tunisia,600.0
2003,Tunisia,600.0
2004,Tunisia,600.0
2005,Tunisia,600.0
2006,Tunisia,1000.0
2007,Tunisia,1100.0
2008,Tunisia,1300.0
2009,Tunisia,1400.0
2010,Tunisia,1500.0
2011,Tunisia,1700.0
1990,Turkey,160.0
1991,Turkey,350.0
1992,Turkey,350.0
1993,Turkey,350.0
1994,Turkey,350.0
1995,Turkey,600.0
1996,Turkey,600.0
1997,Turkey,600.0
1998,Turkey,1100.0
1999,Turkey,1300.0
2000,Turkey,1500.0
2001,Turkey,1800.0
2002,Turkey,2100.0
2003,Turkey,2400.0
2004,Turkey,2700.0
2005,Turkey,3100.0
2006,Turkey,3400.0
2007,Turkey,3800.0
2008,Turkey,4200.0
2009,Turkey,4600.0
2010,Turkey,5000.0
2011,Turkey,5500.0
1979,Uganda,510.0
1990,Uganda,1200000.0
1991,Uganda,1200000.0
1992,Uganda,1200000.0
1993,Uganda,1200000.0
1994,Uganda,1200000.0
1995,Uganda,1200000.0
1996,Uganda,1100000.0
1997,Uganda,1100000.0
1998,Uganda,1100000.0
1999,Uganda,1000000.0
2000,Uganda,1000000.0
2001,Uganda,990000.0
2002,Uganda,980000.0
2003,Uganda,990000.0
2004,Uganda,1000000.0
2005,Uganda,1000000.0
2006,Uganda,1100000.0
2007,Uganda,1100000.0
2008,Uganda,1200000.0
2009,Uganda,1300000.0
2010,Uganda,1300000.0
2011,Uganda,1400000.0
1990,Ukraine,350.0
1991,Ukraine,1400.0
1992,Ukraine,3900.0
1993,Ukraine,8900.0
1994,Ukraine,18000.0
1995,Ukraine,34000.0
1996,Ukraine,63000.0
1997,Ukraine,110000.0
1998,Ukraine,160000.0
1999,Ukraine,200000.0
2000,Ukraine,230000.0
2001,Ukraine,250000.0
2002,Ukraine,260000.0
2003,Ukraine,280000.0
2004,Ukraine,290000.0
2005,Ukraine,300000.0
2006,Ukraine,310000.0
2007,Ukraine,320000.0
2008,Ukraine,300000.0
2009,Ukraine,280000.0
2010,Ukraine,250000.0
2011,Ukraine,230000.0
1983,United Kingdom,5881.0
1990,United Kingdom,23000.0
1991,United Kingdom,24000.0
1992,United Kingdom,25000.0
1993,United Kingdom,26000.0
1994,United Kingdom,27000.0
1995,United Kingdom,28000.0
1996,United Kingdom,29000.0
1997,United Kingdom,32000.0
1998,United Kingdom,35000.0
1999,United Kingdom,38000.0
2000,United Kingdom,42000.0
2001,United Kingdom,46000.0
2002,United Kingdom,54000.0
2003,United Kingdom,58000.0
2004,United Kingdom,64000.0
2005,United Kingdom,70000.0
2006,United Kingdom,76000.0
2007,United Kingdom,81000.0
2008,United Kingdom,86000.0
2009,United Kingdom,89000.0
2010,United Kingdom,91000.0
2011,United Kingdom,94000.0
1979,United States,39600.0
1990,United States,810000.0
1991,United States,830000.0
1992,United States,830000.0
1993,United States,840000.0
1994,United States,830000.0
1995,United States,830000.0
1996,United States,840000.0
1997,United States,870000.0
1998,United States,910000.0
1999,United States,950000.0
2000,United States,980000.0
2001,United States,1000000.0
2002,United States,1000000.0
2003,United States,1100000.0
2004,United States,1100000.0
2005,United States,1100000.0
2006,United States,1200000.0
2007,United States,1200000.0
2008,United States,1200000.0
2009,United States,1300000.0
2010,United States,1300000.0
2011,United States,1300000.0
1979,Uruguay,131.0
1990,Uruguay,1800.0
1991,Uruguay,2400.0
1992,Uruguay,3200.0
1993,Uruguay,4200.0
1994,Uruguay,5200.0
1995,Uruguay,6300.0
1996,Uruguay,7400.0
1997,Uruguay,8500.0
1998,Uruguay,9400.0
1999,Uruguay,10000.0
2000,Uruguay,11000.0
2001,Uruguay,11000.0
2002,Uruguay,11000.0
2003,Uruguay,11000.0
2004,Uruguay,12000.0
2005,Uruguay,12000.0
2006,Uruguay,12000.0
2007,Uruguay,12000.0
2008,Uruguay,12000.0
2009,Uruguay,12000.0
2010,Uruguay,12000.0
2011,Uruguay,12000.0
1990,Venezuela,21000.0
1991,Venezuela,24000.0
1992,Venezuela,27000.0
1993,Venezuela,31000.0
1994,Venezuela,34000.0
1995,Venezuela,37000.0
1996,Venezuela,41000.0
1997,Venezuela,44000.0
1998,Venezuela,48000.0
1999,Venezuela,51000.0
2000,Venezuela,54000.0
2001,Venezuela,58000.0
2002,Venezuela,61000.0
2003,Venezuela,65000.0
2004,Venezuela,69000.0
2005,Venezuela,74000.0
2006,Venezuela,78000.0
2007,Venezuela,82000.0
2008,Venezuela,86000.0
2009,Venezuela,91000.0
2010,Venezuela,95000.0
2011,Venezuela,99000.0
1990,Vietnam,60.0
1991,Vietnam,350.0
1992,Vietnam,600.0
1993,Vietnam,1000.0
1994,Vietnam,1900.0
1995,Vietnam,3500.0
1996,Vietnam,6900.0
1997,Vietnam,13000.0
1998,Vietnam,30000.0
1999,Vietnam,58000.0
2000,Vietnam,84000.0
2001,Vietnam,110000.0
2002,Vietnam,130000.0
2003,Vietnam,160000.0
2004,Vietnam,180000.0
2005,Vietnam,190000.0
2006,Vietnam,210000.0
2007,Vietnam,220000.0
2008,Vietnam,230000.0
2009,Vietnam,230000.0
2010,Vietnam,240000.0
2011,Vietnam,250000.0
1990,Yemen,350.0
1991,Yemen,600.0
1992,Yemen,600.0
1993,Yemen,1100.0
1994,Yemen,1500.0
1995,Yemen,2100.0
1996,Yemen,2800.0
1997,Yemen,3700.0
1998,Yemen,4900.0
1999,Yemen,6500.0
2000,Yemen,8500.0
2001,Yemen,10000.0
2002,Yemen,12000.0
2003,Yemen,14000.0
2004,Yemen,15000.0
2005,Yemen,16000.0
2006,Yemen,17000.0
2007,Yemen,18000.0
2008,Yemen,19000.0
2009,Yemen,20000.0
2010,Yemen,21000.0
2011,Yemen,22000.0
1979,Zambia,240.0
1990,Zambia,560000.0
1991,Zambia,610000.0
1992,Zambia,650000.0
1993,Zambia,680000.0
1994,Zambia,700000.0
1995,Zambia,730000.0
1996,Zambia,750000.0
1997,Zambia,770000.0
1998,Zambia,790000.0
1999,Zambia,820000.0
2000,Zambia,840000.0
2001,Zambia,860000.0
2002,Zambia,880000.0
2003,Zambia,900000.0
2004,Zambia,910000.0
2005,Zambia,920000.0
2006,Zambia,920000.0
2007,Zambia,930000.0
2008,Zambia,940000.0
2009,Zambia,950000.0
2010,Zambia,960000.0
2011,Zambia,970000.0
1979,Zimbabwe,330.0
1990,Zimbabwe,720000.0
1991,Zimbabwe,880000.0
1992,Zimbabwe,1000000.0
1993,Zimbabwe,1200000.0
1994,Zimbabwe,1400000.0
1995,Zimbabwe,1600000.0
1996,Zimbabwe,1700000.0
1997,Zimbabwe,1800000.0
1998,Zimbabwe,1900000.0
1999,Zimbabwe,1900000.0
2000,Zimbabwe,1900000.0
2001,Zimbabwe,1800000.0
2002,Zimbabwe,1700000.0
2003,Zimbabwe,1700000.0
2004,Zimbabwe,1600000.0
2005,Zimbabwe,1500000.0
2006,Zimbabwe,1400000.0
2007,Zimbabwe,1300000.0
2008,Zimbabwe,1300000.0
2009,Zimbabwe,1200000.0
2010,Zimbabwe,1200000.0
2011,Zimbabwe,1200000.0
