year,country,estimated_hiv_prevalence_ages_15_49
2009,afghanistan,0.06
2010,afghanistan,0.06
2011,afghanistan,0.06
1990,algeria,0.06
1991,algeria,0.06
1992,algeria,0.06
1993,algeria,0.06
1994,algeria,0.06
1995,algeria,0.06
1996,algeria,0.06
1997,algeria,0.06
1998,algeria,0.06
1999,algeria,0.06
2000,algeria,0.06
2001,algeria,0.06
2002,algeria,0.06
2003,algeria,0.06
2004,algeria,0.1
2005,algeria,0.1
2006,algeria,0.1
2007,algeria,0.1
2008,algeria,0.1
1979,angola,0.026527865
1990,angola,0.5
1991,angola,0.8
1992,angola,1.0
1993,angola,1.2
1994,angola,1.4
1995,angola,1.6
1996,angola,1.7
1997,angola,1.8
1998,angola,1.8
1999,angola,1.9
2000,angola,1.9
2001,angola,1.9
2002,angola,1.9
2003,angola,1.9
2004,angola,1.9
2005,angola,1.9
2006,angola,1.9
2007,angola,1.9
2008,angola,2.0
2009,angola,2.1
2010,angola,2.1
2011,angola,2.1
1979,argentina,0.02050798
1990,argentina,0.3
1991,argentina,0.3
1992,argentina,0.3
1993,argentina,0.3
1994,argentina,0.3
1995,argentina,0.3
1996,argentina,0.3
1997,argentina,0.3
1998,argentina,0.3
1999,argentina,0.3
2000,argentina,0.4
2001,argentina,0.4
2002,argentina,0.4
2003,argentina,0.4
2004,argentina,0.4
2005,argentina,0.4
2006,argentina,0.4
2007,argentina,0.4
2008,argentina,0.5
2009,argentina,0.4
2010,argentina,0.4
2011,argentina,0.4
1990,armenia,0.06
1991,armenia,0.06
1992,armenia,0.06
1993,armenia,0.06
1994,armenia,0.06
1995,armenia,0.06
1996,armenia,0.06
1997,armenia,0.06
1998,armenia,0.1
1999,armenia,0.1
2000,armenia,0.1
2001,armenia,0.1
2002,armenia,0.1
2003,armenia,0.1
2004,armenia,0.1
2005,armenia,0.1
2006,armenia,0.1
2007,armenia,0.1
2008,armenia,0.1
2009,armenia,0.2
2010,armenia,0.2
2011,armenia,0.2
1983,australia,0.012682938000000001
1990,australia,0.1
1991,australia,0.1
1992,australia,0.1
1993,australia,0.1
1994,australia,0.1
1995,australia,0.1
1996,australia,0.1
1997,australia,0.1
1998,australia,0.1
1999,australia,0.1
2000,australia,0.1
2001,australia,0.1
2002,australia,0.1
2003,australia,0.1
2004,australia,0.1
2005,australia,0.1
2006,australia,0.1
2007,australia,0.1
2008,australia,0.1
2009,australia,0.2
2010,australia,0.2
2011,australia,0.2
1981,austria,0.010187591
1990,austria,0.06
1991,austria,0.06
1992,austria,0.06
1993,austria,0.06
1994,austria,0.06
1995,austria,0.06
1996,austria,0.06
1997,austria,0.1
1998,austria,0.1
1999,austria,0.1
2000,austria,0.1
2001,austria,0.1
2002,austria,0.1
2003,austria,0.2
2004,austria,0.2
2005,austria,0.2
2006,austria,0.2
2007,austria,0.3
2008,austria,0.3
2009,austria,0.3
2010,austria,0.4
2011,austria,0.4
1990,azerbaijan,0.06
1991,azerbaijan,0.06
1992,azerbaijan,0.06
1993,azerbaijan,0.06
1994,azerbaijan,0.06
1995,azerbaijan,0.06
1996,azerbaijan,0.06
1997,azerbaijan,0.06
1998,azerbaijan,0.06
1999,azerbaijan,0.06
2000,azerbaijan,0.06
2001,azerbaijan,0.06
2002,azerbaijan,0.06
2003,azerbaijan,0.06
2004,azerbaijan,0.06
2005,azerbaijan,0.06
2006,azerbaijan,0.06
2007,azerbaijan,0.1
2008,azerbaijan,0.1
2009,azerbaijan,0.1
2010,azerbaijan,0.1
2011,azerbaijan,0.1
1979,bahamas,0.01
1990,bahamas,3.6
1991,bahamas,3.8
1992,bahamas,3.9
1993,bahamas,3.9
1994,bahamas,3.8
1995,bahamas,3.7
1996,bahamas,3.6
1997,bahamas,3.5
1998,bahamas,3.3
1999,bahamas,3.2
2000,bahamas,3.2
2001,bahamas,3.1
2002,bahamas,3.0
2003,bahamas,3.0
2004,bahamas,3.0
2005,bahamas,3.0
2006,bahamas,3.0
2007,bahamas,3.1
2008,bahamas,3.1
2009,bahamas,2.9
2010,bahamas,2.8
2011,bahamas,2.8
1990,bangladesh,0.06
1991,bangladesh,0.06
1992,bangladesh,0.06
1993,bangladesh,0.06
1994,bangladesh,0.06
1995,bangladesh,0.06
1996,bangladesh,0.06
1997,bangladesh,0.06
1998,bangladesh,0.06
1999,bangladesh,0.06
2000,bangladesh,0.06
2001,bangladesh,0.06
2002,bangladesh,0.06
2003,bangladesh,0.06
2004,bangladesh,0.06
2005,bangladesh,0.06
2006,bangladesh,0.06
2007,bangladesh,0.06
2008,bangladesh,0.06
2009,bangladesh,0.06
2010,bangladesh,0.06
2011,bangladesh,0.06
1979,barbados,0.02767648
1990,barbados,0.06
1991,barbados,0.06
1992,barbados,0.1
1993,barbados,0.1
1994,barbados,0.1
1995,barbados,0.1
1996,barbados,0.2
1997,barbados,0.2
1998,barbados,0.3
1999,barbados,0.4
2000,barbados,0.4
2001,barbados,0.5
2002,barbados,0.6
2003,barbados,0.7
2004,barbados,0.8
2005,barbados,0.9
2006,barbados,1.1
2007,barbados,1.2
2008,barbados,1.3
2009,barbados,0.9
2010,barbados,0.9
2011,barbados,0.9
1990,belarus,0.06
1991,belarus,0.06
1992,belarus,0.06
1993,belarus,0.06
1994,belarus,0.06
1995,belarus,0.06
1996,belarus,0.06
1997,belarus,0.06
1998,belarus,0.06
1999,belarus,0.1
2000,belarus,0.1
2001,belarus,0.1
2002,belarus,0.1
2003,belarus,0.1
2004,belarus,0.2
2005,belarus,0.2
2006,belarus,0.2
2007,belarus,0.2
2008,belarus,0.2
2009,belarus,0.3
2010,belarus,0.4
2011,belarus,0.4
1982,belgium,0.014146531
1990,belgium,0.06
1991,belgium,0.1
1992,belgium,0.1
1993,belgium,0.1
1994,belgium,0.1
1995,belgium,0.1
1996,belgium,0.2
1997,belgium,0.2
1998,belgium,0.2
1999,belgium,0.2
2000,belgium,0.2
2001,belgium,0.2
2002,belgium,0.2
2003,belgium,0.2
2004,belgium,0.2
2005,belgium,0.2
2006,belgium,0.2
2007,belgium,0.2
2008,belgium,0.2
2009,belgium,0.3
2010,belgium,0.3
2011,belgium,0.3
1990,belize,0.5
1991,belize,0.7
1992,belize,1.0
1993,belize,1.2
1994,belize,1.4
1995,belize,1.5
1996,belize,1.6
1997,belize,1.8
1998,belize,1.9
1999,belize,2.0
2000,belize,2.2
2001,belize,2.2
2002,belize,2.3
2003,belize,2.4
2004,belize,2.4
2005,belize,2.4
2006,belize,2.4
2007,belize,2.4
2008,belize,2.4
2009,belize,2.4
2010,belize,2.4
2011,belize,2.3
1984,benin,0.011875633
1990,benin,0.2
1991,benin,0.4
1992,benin,0.5
1993,benin,0.7
1994,benin,0.9
1995,benin,1.1
1996,benin,1.3
1997,benin,1.4
1998,benin,1.4
1999,benin,1.4
2000,benin,1.4
2001,benin,1.4
2002,benin,1.4
2003,benin,1.3
2004,benin,1.3
2005,benin,1.3
2006,benin,1.2
2007,benin,1.2
2008,benin,1.2
2009,benin,1.2
2010,benin,1.2
2011,benin,1.2
1990,bhutan,0.06
1991,bhutan,0.06
1992,bhutan,0.06
1993,bhutan,0.06
1994,bhutan,0.06
1995,bhutan,0.06
1996,bhutan,0.06
1997,bhutan,0.06
1998,bhutan,0.06
1999,bhutan,0.06
2000,bhutan,0.06
2001,bhutan,0.06
2002,bhutan,0.06
2003,bhutan,0.1
2004,bhutan,0.1
2005,bhutan,0.1
2006,bhutan,0.1
2007,bhutan,0.1
2008,bhutan,0.2
2009,bhutan,0.2
2010,bhutan,0.3
2011,bhutan,0.3
1990,bolivia,0.1
1991,bolivia,0.1
1992,bolivia,0.2
1993,bolivia,0.2
1994,bolivia,0.2
1995,bolivia,0.2
1996,bolivia,0.2
1997,bolivia,0.2
1998,bolivia,0.2
1999,bolivia,0.2
2000,bolivia,0.2
2001,bolivia,0.2
2002,bolivia,0.2
2003,bolivia,0.2
2004,bolivia,0.2
2005,bolivia,0.2
2006,bolivia,0.2
2007,bolivia,0.2
2008,bolivia,0.2
2009,bolivia,0.3
2010,bolivia,0.3
2011,bolivia,0.3
1979,botswana,0.105976053
1990,botswana,3.5
1991,botswana,5.1
1992,botswana,7.3
1993,botswana,10.1
1994,botswana,13.3
1995,botswana,16.6
1996,botswana,19.7
1997,botswana,22.2
1998,botswana,24.1
1999,botswana,25.3
2000,botswana,26.0
2001,botswana,26.3
2002,botswana,26.3
2003,botswana,26.1
2004,botswana,25.8
2005,botswana,25.5
2006,botswana,25.3
2007,botswana,25.1
2008,botswana,24.9
2009,botswana,24.1
2010,botswana,23.7
2011,botswana,23.4
1979,brazil,0.09447913
1990,brazil,0.45
1991,brazil,0.45
1992,brazil,0.45
1993,brazil,0.4
1994,brazil,0.4
1995,brazil,0.4
1996,brazil,0.4
1997,brazil,0.4
1998,brazil,0.4
1999,brazil,0.4
2000,brazil,0.4
2001,brazil,0.4
2002,brazil,0.4
2003,brazil,0.4
2004,brazil,0.4
2005,brazil,0.4
2006,brazil,0.4
2007,brazil,0.4
2008,brazil,0.45
2009,brazil,0.3
2010,brazil,0.3
2011,brazil,0.3
1990,bulgaria,0.06
1991,bulgaria,0.06
1992,bulgaria,0.06
1993,bulgaria,0.06
1994,bulgaria,0.06
1995,bulgaria,0.06
1996,bulgaria,0.06
1997,bulgaria,0.06
1998,bulgaria,0.06
1999,bulgaria,0.06
2000,bulgaria,0.06
2001,bulgaria,0.06
2002,bulgaria,0.06
2003,bulgaria,0.06
2004,bulgaria,0.1
2005,bulgaria,0.1
2006,bulgaria,0.1
2007,bulgaria,0.1
2008,bulgaria,0.1
2009,bulgaria,0.1
2010,bulgaria,0.1
2011,bulgaria,0.1
1979,burkina_faso,0.01
1990,burkina_faso,3.9
1991,burkina_faso,4.0
1992,burkina_faso,3.9
1993,burkina_faso,3.8
1994,burkina_faso,3.6
1995,burkina_faso,3.4
1996,burkina_faso,3.2
1997,burkina_faso,2.9
1998,burkina_faso,2.7
1999,burkina_faso,2.5
2000,burkina_faso,2.3
2001,burkina_faso,2.1
2002,burkina_faso,1.9
2003,burkina_faso,1.7
2004,burkina_faso,1.6
2005,burkina_faso,1.5
2006,burkina_faso,1.4
2007,burkina_faso,1.3
2008,burkina_faso,1.2
2009,burkina_faso,1.2
2010,burkina_faso,1.2
2011,burkina_faso,1.1
1979,burundi,0.015913875
1990,burundi,3.9
1991,burundi,4.5
1992,burundi,5.1
1993,burundi,5.5
1994,burundi,5.8
1995,burundi,5.9
1996,burundi,5.9
1997,burundi,5.8
1998,burundi,5.7
1999,burundi,5.4
2000,burundi,5.2
2001,burundi,5.0
2002,burundi,4.7
2003,burundi,4.5
2004,burundi,4.2
2005,burundi,4.0
2006,burundi,3.8
2007,burundi,3.6
2008,burundi,3.5
2009,burundi,1.6
2010,burundi,1.4
2011,burundi,1.3
1985,cambodia,0.01
1990,cambodia,0.5
1991,cambodia,0.8
1992,cambodia,1.0
1993,cambodia,1.2
1994,cambodia,1.3
1995,cambodia,1.4
1996,cambodia,1.4
1997,cambodia,1.4
1998,cambodia,1.4
1999,cambodia,1.4
2000,cambodia,1.3
2001,cambodia,1.2
2002,cambodia,1.1
2003,cambodia,0.9
2004,cambodia,0.8
2005,cambodia,0.8
2006,cambodia,0.7
2007,cambodia,0.6
2008,cambodia,0.6
2009,cambodia,0.6
2010,cambodia,0.6
2011,cambodia,0.6
1980,cameroon,0.012524627
1990,cameroon,0.6
1991,cameroon,1.0
1992,cameroon,1.6
1993,cameroon,2.5
1994,cameroon,3.4
1995,cameroon,4.2
1996,cameroon,4.8
1997,cameroon,5.1
1998,cameroon,5.3
1999,cameroon,5.4
2000,cameroon,5.5
2001,cameroon,5.5
2002,cameroon,5.5
2003,cameroon,5.5
2004,cameroon,5.4
2005,cameroon,5.4
2006,cameroon,5.4
2007,cameroon,5.4
2008,cameroon,5.3
2009,cameroon,4.8
2010,cameroon,4.7
2011,cameroon,4.6
1979,canada,0.012998487
1990,canada,0.1
1991,canada,0.2
1992,canada,0.2
1993,canada,0.2
1994,canada,0.2
1995,canada,0.2
1996,canada,0.2
1997,canada,0.2
1998,canada,0.2
1999,canada,0.2
2000,canada,0.2
2001,canada,0.2
2002,canada,0.2
2003,canada,0.2
2004,canada,0.2
2005,canada,0.2
2006,canada,0.2
2007,canada,0.2
2008,canada,0.2
2009,canada,0.3
2010,canada,0.3
2011,canada,0.3
2009,cape_verde,1.0
2010,cape_verde,1.0
2011,cape_verde,1.0
1979,central_african_republic,0.11303477699999999
1990,central_african_republic,3.1
1991,central_african_republic,4.6
1992,central_african_republic,6.3
1993,central_african_republic,7.9
1994,central_african_republic,9.0
1995,central_african_republic,9.7
1996,central_african_republic,10.1
1997,central_african_republic,10.1
1998,central_african_republic,10.0
1999,central_african_republic,9.8
2000,central_african_republic,9.4
2001,central_african_republic,8.9
2002,central_african_republic,8.4
2003,central_african_republic,7.8
2004,central_african_republic,7.2
2005,central_african_republic,6.6
2006,central_african_republic,6.1
2007,central_african_republic,5.5
2008,central_african_republic,5.1
2009,central_african_republic,5.1
2010,central_african_republic,4.9
2011,central_african_republic,4.6
1979,chad,0.039876697999999995
1990,chad,1.1
1991,chad,1.3
1992,chad,1.5
1993,chad,1.7
1994,chad,1.9
1995,chad,2.1
1996,chad,2.3
1997,chad,2.5
1998,chad,2.7
1999,chad,2.9
2000,chad,3.0
2001,chad,3.2
2002,chad,3.3
2003,chad,3.4
2004,chad,3.4
2005,chad,3.5
2006,chad,3.5
2007,chad,3.5
2008,chad,3.4
2009,chad,3.2
2010,chad,3.2
2011,chad,3.1
1985,chile,0.009688619
1990,chile,0.06
1991,chile,0.06
1992,chile,0.1
1993,chile,0.1
1994,chile,0.1
1995,chile,0.1
1996,chile,0.1
1997,chile,0.1
1998,chile,0.2
1999,chile,0.2
2000,chile,0.2
2001,chile,0.3
2002,chile,0.3
2003,chile,0.3
2004,chile,0.3
2005,chile,0.3
2006,chile,0.4
2007,chile,0.4
2008,chile,0.4
2009,chile,0.5
2010,chile,0.5
2011,chile,0.5
2011,china,0.06
1984,colombia,0.012153094
1990,colombia,0.2
1991,colombia,0.3
1992,colombia,0.4
1993,colombia,0.5
1994,colombia,0.6
1995,colombia,0.6
1996,colombia,0.7
1997,colombia,0.8
1998,colombia,0.8
1999,colombia,0.9
2000,colombia,0.9
2001,colombia,0.8
2002,colombia,0.8
2003,colombia,0.8
2004,colombia,0.7
2005,colombia,0.7
2006,colombia,0.6
2007,colombia,0.6
2008,colombia,0.5
2009,colombia,0.5
2010,colombia,0.5
2011,colombia,0.5
1990,comoros,0.06
1991,comoros,0.06
1992,comoros,0.06
1993,comoros,0.06
1994,comoros,0.06
1995,comoros,0.06
1996,comoros,0.06
1997,comoros,0.06
1998,comoros,0.06
1999,comoros,0.06
2000,comoros,0.06
2001,comoros,0.06
2002,comoros,0.06
2003,comoros,0.06
2004,comoros,0.06
2005,comoros,0.06
2006,comoros,0.06
2007,comoros,0.06
2008,comoros,0.06
2009,comoros,0.1
2010,comoros,0.1
2011,comoros,0.1
1979,congo_rep,0.01
1990,congo_rep,5.2
1991,congo_rep,5.2
1992,congo_rep,5.0
1993,congo_rep,4.8
1994,congo_rep,4.6
1995,congo_rep,4.4
1996,congo_rep,4.3
1997,congo_rep,4.1
1998,congo_rep,4.0
1999,congo_rep,3.9
2000,congo_rep,3.9
2001,congo_rep,3.8
2002,congo_rep,3.8
2003,congo_rep,3.7
2004,congo_rep,3.7
2005,congo_rep,3.6
2006,congo_rep,3.6
2007,congo_rep,3.5
2008,congo_rep,3.5
2009,congo_rep,3.3
2010,congo_rep,3.3
2011,congo_rep,3.3
1990,costa_rica,0.06
1991,costa_rica,0.06
1992,costa_rica,0.06
1993,costa_rica,0.06
1994,costa_rica,0.06
1995,costa_rica,0.06
1996,costa_rica,0.06
1997,costa_rica,0.1
1998,costa_rica,0.1
1999,costa_rica,0.1
2000,costa_rica,0.1
2001,costa_rica,0.2
2002,costa_rica,0.2
2003,costa_rica,0.2
2004,costa_rica,0.3
2005,costa_rica,0.3
2006,costa_rica,0.3
2007,costa_rica,0.3
2008,costa_rica,0.3
2009,costa_rica,0.3
2010,costa_rica,0.3
2011,costa_rica,0.3
1979,cote_d_ivoire,0.123178372
1990,cote_d_ivoire,2.4
1991,cote_d_ivoire,3.3
1992,cote_d_ivoire,4.4
1993,cote_d_ivoire,5.5
1994,cote_d_ivoire,6.4
1995,cote_d_ivoire,7.1
1996,cote_d_ivoire,7.4
1997,cote_d_ivoire,7.5
1998,cote_d_ivoire,7.4
1999,cote_d_ivoire,7.2
2000,cote_d_ivoire,6.9
2001,cote_d_ivoire,6.5
2002,cote_d_ivoire,6.1
2003,cote_d_ivoire,5.7
2004,cote_d_ivoire,5.3
2005,cote_d_ivoire,4.8
2006,cote_d_ivoire,4.4
2007,cote_d_ivoire,4.1
2008,cote_d_ivoire,3.7
2009,cote_d_ivoire,3.4
2010,cote_d_ivoire,3.2
2011,cote_d_ivoire,3.0
1990,croatia,0.06
1991,croatia,0.06
1992,croatia,0.06
1993,croatia,0.06
1994,croatia,0.06
1995,croatia,0.06
1996,croatia,0.06
1997,croatia,0.06
1998,croatia,0.06
1999,croatia,0.06
2000,croatia,0.06
2001,croatia,0.06
2002,croatia,0.06
2003,croatia,0.06
2004,croatia,0.06
2005,croatia,0.06
2006,croatia,0.06
2007,croatia,0.06
2008,croatia,0.06
2009,croatia,0.06
2010,croatia,0.06
2011,croatia,0.06
1990,cuba,0.06
1991,cuba,0.06
1992,cuba,0.06
1993,cuba,0.06
1994,cuba,0.06
1995,cuba,0.06
1996,cuba,0.06
1997,cuba,0.06
1998,cuba,0.06
1999,cuba,0.06
2000,cuba,0.06
2001,cuba,0.06
2002,cuba,0.06
2003,cuba,0.06
2004,cuba,0.1
2005,cuba,0.1
2006,cuba,0.1
2007,cuba,0.1
2008,cuba,0.1
2009,cuba,0.1
2010,cuba,0.2
2011,cuba,0.2
1990,czech_republic,0.06
1991,czech_republic,0.06
1992,czech_republic,0.06
1993,czech_republic,0.06
1994,czech_republic,0.06
1995,czech_republic,0.06
1996,czech_republic,0.06
1997,czech_republic,0.06
1998,czech_republic,0.06
1999,czech_republic,0.06
2000,czech_republic,0.06
2001,czech_republic,0.06
2002,czech_republic,0.06
2003,czech_republic,0.06
2004,czech_republic,0.06
2005,czech_republic,0.06
2006,czech_republic,0.06
2007,czech_republic,0.06
2008,czech_republic,0.06
2009,czech_republic,0.06
2010,czech_republic,0.06
2011,czech_republic,0.06
1982,denmark,0.011698226
1990,denmark,0.06
1991,denmark,0.06
1992,denmark,0.06
1993,denmark,0.1
1994,denmark,0.1
1995,denmark,0.1
1996,denmark,0.1
1997,denmark,0.1
1998,denmark,0.1
1999,denmark,0.1
2000,denmark,0.1
2001,denmark,0.1
2002,denmark,0.1
2003,denmark,0.1
2004,denmark,0.1
2005,denmark,0.1
2006,denmark,0.2
2007,denmark,0.2
2008,denmark,0.2
2009,denmark,0.2
2010,denmark,0.2
2011,denmark,0.2
1983,djibouti,0.012392677
1990,djibouti,0.9
1991,djibouti,1.1
1992,djibouti,1.4
1993,djibouti,1.7
1994,djibouti,2.0
1995,djibouti,2.3
1996,djibouti,2.5
1997,djibouti,2.7
1998,djibouti,2.8
1999,djibouti,2.9
2000,djibouti,2.9
2001,djibouti,2.9
2002,djibouti,2.9
2003,djibouti,2.8
2004,djibouti,2.7
2005,djibouti,2.7
2006,djibouti,2.6
2007,djibouti,2.6
2008,djibouti,2.6
2009,djibouti,1.6
2010,djibouti,1.5
2011,djibouti,1.4
1979,dominican_republic,0.056691280999999996
1990,dominican_republic,0.4
1991,dominican_republic,0.5
1992,dominican_republic,0.6
1993,dominican_republic,0.7
1994,dominican_republic,0.8
1995,dominican_republic,0.9
1996,dominican_republic,0.9
1997,dominican_republic,1.0
1998,dominican_republic,1.0
1999,dominican_republic,1.0
2000,dominican_republic,1.0
2001,dominican_republic,0.9
2002,dominican_republic,0.9
2003,dominican_republic,0.9
2004,dominican_republic,0.9
2005,dominican_republic,0.9
2006,dominican_republic,0.9
2007,dominican_republic,0.8
2008,dominican_republic,0.9
2009,dominican_republic,0.8
2010,dominican_republic,0.7
2011,dominican_republic,0.7
1979,ecuador,0.013690696
1990,ecuador,0.3
1991,ecuador,0.4
1992,ecuador,0.4
1993,ecuador,0.5
1994,ecuador,0.5
1995,ecuador,0.5
1996,ecuador,0.5
1997,ecuador,0.5
1998,ecuador,0.5
1999,ecuador,0.5
2000,ecuador,0.5
2001,ecuador,0.5
2002,ecuador,0.5
2003,ecuador,0.5
2004,ecuador,0.4
2005,ecuador,0.4
2006,ecuador,0.4
2007,ecuador,0.4
2008,ecuador,0.4
2009,ecuador,0.4
2010,ecuador,0.4
2011,ecuador,0.4
1990,egypt,0.06
1991,egypt,0.06
1992,egypt,0.06
1993,egypt,0.06
1994,egypt,0.06
1995,egypt,0.06
1996,egypt,0.06
1997,egypt,0.06
1998,egypt,0.06
1999,egypt,0.06
2000,egypt,0.06
2001,egypt,0.06
2002,egypt,0.06
2003,egypt,0.06
2004,egypt,0.06
2005,egypt,0.06
2006,egypt,0.06
2007,egypt,0.06
2008,egypt,0.06
2009,egypt,0.06
2010,egypt,0.06
2011,egypt,0.06
1985,el_salvador,0.012269586
1990,el_salvador,0.1
1991,el_salvador,0.2
1992,el_salvador,0.2
1993,el_salvador,0.2
1994,el_salvador,0.3
1995,el_salvador,0.4
1996,el_salvador,0.4
1997,el_salvador,0.5
1998,el_salvador,0.6
1999,el_salvador,0.7
2000,el_salvador,0.7
2001,el_salvador,0.8
2002,el_salvador,0.8
2003,el_salvador,0.8
2004,el_salvador,0.8
2005,el_salvador,0.8
2006,el_salvador,0.8
2007,el_salvador,0.8
2008,el_salvador,0.8
2009,el_salvador,0.6
2010,el_salvador,0.6
2011,el_salvador,0.6
1979,equatorial_guinea,0.082364934
1990,equatorial_guinea,0.1
1991,equatorial_guinea,0.2
1992,equatorial_guinea,0.2
1993,equatorial_guinea,0.3
1994,equatorial_guinea,0.3
1995,equatorial_guinea,0.4
1996,equatorial_guinea,0.6
1997,equatorial_guinea,0.7
1998,equatorial_guinea,0.9
1999,equatorial_guinea,1.2
2000,equatorial_guinea,1.5
2001,equatorial_guinea,1.9
2002,equatorial_guinea,2.3
2003,equatorial_guinea,2.7
2004,equatorial_guinea,3.2
2005,equatorial_guinea,3.6
2006,equatorial_guinea,4.0
2007,equatorial_guinea,4.4
2008,equatorial_guinea,4.7
2009,equatorial_guinea,4.2
2010,equatorial_guinea,4.4
2011,equatorial_guinea,4.7
1985,eritrea,0.010873503
1990,eritrea,0.3
1991,eritrea,0.4
1992,eritrea,0.6
1993,eritrea,0.8
1994,eritrea,0.9
1995,eritrea,1.1
1996,eritrea,1.1
1997,eritrea,1.2
1998,eritrea,1.2
1999,eritrea,1.2
2000,eritrea,1.2
2001,eritrea,1.2
2002,eritrea,1.1
2003,eritrea,1.1
2004,eritrea,1.0
2005,eritrea,1.0
2006,eritrea,0.9
2007,eritrea,0.9
2008,eritrea,0.8
2009,eritrea,0.7
2010,eritrea,0.7
2011,eritrea,0.6
1990,estonia,0.06
1991,estonia,0.06
1992,estonia,0.06
1993,estonia,0.06
1994,estonia,0.1
1995,estonia,0.1
1996,estonia,0.1
1997,estonia,0.2
1998,estonia,0.3
1999,estonia,0.4
2000,estonia,0.5
2001,estonia,0.6
2002,estonia,0.7
2003,estonia,0.9
2004,estonia,1.0
2005,estonia,1.1
2006,estonia,1.1
2007,estonia,1.2
2008,estonia,1.2
2009,estonia,1.2
2010,estonia,1.3
2011,estonia,1.3
2009,ethiopia,1.7
2010,ethiopia,1.6
2011,ethiopia,1.4
1990,fiji,0.06
1991,fiji,0.06
1992,fiji,0.06
1993,fiji,0.06
1994,fiji,0.06
1995,fiji,0.06
1996,fiji,0.06
1997,fiji,0.06
1998,fiji,0.06
1999,fiji,0.06
2000,fiji,0.06
2001,fiji,0.06
2002,fiji,0.06
2003,fiji,0.1
2004,fiji,0.1
2005,fiji,0.1
2006,fiji,0.1
2007,fiji,0.1
2008,fiji,0.1
2009,fiji,0.06
2010,fiji,0.06
2011,fiji,0.1
1983,finland,0.010557622
1990,finland,0.06
1991,finland,0.06
1992,finland,0.06
1993,finland,0.06
1994,finland,0.06
1995,finland,0.06
1996,finland,0.06
1997,finland,0.06
1998,finland,0.06
1999,finland,0.06
2000,finland,0.1
2001,finland,0.1
2002,finland,0.1
2003,finland,0.1
2004,finland,0.1
2005,finland,0.1
2006,finland,0.1
2007,finland,0.1
2008,finland,0.1
2009,finland,0.1
2010,finland,0.1
2011,finland,0.1
1981,france,0.015708255
1990,france,0.3
1991,france,0.3
1992,france,0.3
1993,france,0.3
1994,france,0.3
1995,france,0.3
1996,france,0.3
1997,france,0.3
1998,france,0.3
1999,france,0.3
2000,france,0.3
2001,france,0.3
2002,france,0.3
2003,france,0.4
2004,france,0.4
2005,france,0.4
2006,france,0.4
2007,france,0.4
2008,france,0.4
2009,france,0.4
2010,france,0.4
2011,france,0.4
1979,gabon,0.042124435999999994
1990,gabon,0.9
1991,gabon,1.2
1992,gabon,1.6
1993,gabon,2.0
1994,gabon,2.6
1995,gabon,3.1
1996,gabon,3.7
1997,gabon,4.2
1998,gabon,4.6
1999,gabon,4.9
2000,gabon,5.2
2001,gabon,5.3
2002,gabon,5.4
2003,gabon,5.4
2004,gabon,5.4
2005,gabon,5.4
2006,gabon,5.4
2007,gabon,5.3
2008,gabon,5.3
2009,gabon,5.2
2010,gabon,5.1
2011,gabon,5.0
1990,gambia,0.1
1991,gambia,0.1
1992,gambia,0.1
1993,gambia,0.2
1994,gambia,0.2
1995,gambia,0.2
1996,gambia,0.3
1997,gambia,0.3
1998,gambia,0.4
1999,gambia,0.4
2000,gambia,0.5
2001,gambia,0.6
2002,gambia,0.7
2003,gambia,0.8
2004,gambia,1.0
2005,gambia,1.1
2006,gambia,1.3
2007,gambia,1.5
2008,gambia,1.7
2009,gambia,1.4
2010,gambia,1.4
2011,gambia,1.5
1990,georgia,0.06
1991,georgia,0.06
1992,georgia,0.06
1993,georgia,0.06
1994,georgia,0.06
1995,georgia,0.06
1996,georgia,0.06
1997,georgia,0.06
1998,georgia,0.06
1999,georgia,0.06
2000,georgia,0.06
2001,georgia,0.06
2002,georgia,0.06
2003,georgia,0.1
2004,georgia,0.1
2005,georgia,0.1
2006,georgia,0.1
2007,georgia,0.1
2008,georgia,0.1
2009,georgia,0.2
2010,georgia,0.2
2011,georgia,0.2
1982,germany,0.022875822999999997
1990,germany,0.1
1991,germany,0.1
1992,germany,0.1
1993,germany,0.1
1994,germany,0.1
1995,germany,0.1
1996,germany,0.1
1997,germany,0.1
1998,germany,0.1
1999,germany,0.1
2000,germany,0.1
2001,germany,0.1
2002,germany,0.1
2003,germany,0.1
2004,germany,0.1
2005,germany,0.1
2006,germany,0.1
2007,germany,0.1
2008,germany,0.1
2009,germany,0.1
2010,germany,0.1
2011,germany,0.1
1990,ghana,0.3
1991,ghana,0.4
1992,ghana,0.7
1993,ghana,0.9
1994,ghana,1.3
1995,ghana,1.7
1996,ghana,2.0
1997,ghana,2.2
1998,ghana,2.3
1999,ghana,2.3
2000,ghana,2.3
2001,ghana,2.3
2002,ghana,2.2
2003,ghana,2.1
2004,ghana,2.1
2005,ghana,2.0
2006,ghana,1.9
2007,ghana,1.9
2008,ghana,1.8
2009,ghana,1.6
2010,ghana,1.5
2011,ghana,1.5
1979,greece,0.018909064
1990,greece,0.1
1991,greece,0.1
1992,greece,0.1
1993,greece,0.1
1994,greece,0.1
1995,greece,0.1
1996,greece,0.1
1997,greece,0.1
1998,greece,0.1
1999,greece,0.1
2000,greece,0.1
2001,greece,0.1
2002,greece,0.1
2003,greece,0.1
2004,greece,0.1
2005,greece,0.1
2006,greece,0.1
2007,greece,0.1
2008,greece,0.1
2009,greece,0.2
2010,greece,0.2
2011,greece,0.2
1990,guatemala,0.1
1991,guatemala,0.1
1992,guatemala,0.1
1993,guatemala,0.2
1994,guatemala,0.2
1995,guatemala,0.2
1996,guatemala,0.3
1997,guatemala,0.3
1998,guatemala,0.4
1999,guatemala,0.4
2000,guatemala,0.5
2001,guatemala,0.5
2002,guatemala,0.5
2003,guatemala,0.6
2004,guatemala,0.6
2005,guatemala,0.7
2006,guatemala,0.7
2007,guatemala,0.7
2008,guatemala,0.8
2009,guatemala,0.7
2010,guatemala,0.7
2011,guatemala,0.8
1979,guinea,0.015019428999999999
1990,guinea,1.1
1991,guinea,1.3
1992,guinea,1.5
1993,guinea,1.7
1994,guinea,1.8
1995,guinea,1.8
1996,guinea,1.8
1997,guinea,1.8
1998,guinea,1.8
1999,guinea,1.8
2000,guinea,1.7
2001,guinea,1.7
2002,guinea,1.6
2003,guinea,1.6
2004,guinea,1.5
2005,guinea,1.5
2006,guinea,1.4
2007,guinea,1.4
2008,guinea,1.4
2009,guinea,1.4
2010,guinea,1.4
2011,guinea,1.4
1981,guinea_bissau,0.009823591
1990,guinea_bissau,0.3
1991,guinea_bissau,0.3
1992,guinea_bissau,0.4
1993,guinea_bissau,0.6
1994,guinea_bissau,0.7
1995,guinea_bissau,0.9
1996,guinea_bissau,1.0
1997,guinea_bissau,1.2
1998,guinea_bissau,1.4
1999,guinea_bissau,1.6
2000,guinea_bissau,1.8
2001,guinea_bissau,2.0
2002,guinea_bissau,2.1
2003,guinea_bissau,2.3
2004,guinea_bissau,2.3
2005,guinea_bissau,2.4
2006,guinea_bissau,2.4
2007,guinea_bissau,2.5
2008,guinea_bissau,2.5
2009,guinea_bissau,2.3
2010,guinea_bissau,2.4
2011,guinea_bissau,2.5
1979,guyana,0.030135016
1990,guyana,2.8
1991,guyana,2.7
1992,guyana,2.6
1993,guyana,2.5
1994,guyana,2.3
1995,guyana,2.2
1996,guyana,2.1
1997,guyana,1.9
1998,guyana,1.8
1999,guyana,1.6
2000,guyana,1.5
2001,guyana,1.4
2002,guyana,1.3
2003,guyana,1.3
2004,guyana,1.2
2005,guyana,1.1
2006,guyana,1.1
2007,guyana,1.0
2008,guyana,1.2
2009,guyana,1.2
2010,guyana,1.1
2011,guyana,1.1
1979,haiti,0.155026457
1990,haiti,1.3
1991,haiti,1.6
1992,haiti,2.3
1993,haiti,3.3
1994,haiti,3.6
1995,haiti,3.6
1996,haiti,3.4
1997,haiti,3.3
1998,haiti,3.1
1999,haiti,2.9
2000,haiti,2.8
2001,haiti,2.6
2002,haiti,2.5
2003,haiti,2.3
2004,haiti,2.2
2005,haiti,2.1
2006,haiti,2.1
2007,haiti,2.0
2008,haiti,2.0
2009,haiti,1.9
2010,haiti,1.9
2011,haiti,1.8
1979,honduras,0.01
1990,honduras,1.1
1991,honduras,1.2
1992,honduras,1.4
1993,honduras,1.4
1994,honduras,1.5
1995,honduras,1.5
1996,honduras,1.5
1997,honduras,1.4
1998,honduras,1.4
1999,honduras,1.3
2000,honduras,1.3
2001,honduras,1.2
2002,honduras,1.1
2003,honduras,1.1
2004,honduras,1.0
2005,honduras,0.9
2006,honduras,0.9
2007,honduras,0.8
2008,honduras,0.8
1990,hungary,0.1
1991,hungary,0.1
1992,hungary,0.1
1993,hungary,0.1
1994,hungary,0.1
1995,hungary,0.1
1996,hungary,0.1
1997,hungary,0.1
1998,hungary,0.06
1999,hungary,0.06
2000,hungary,0.06
2001,hungary,0.06
2002,hungary,0.06
2003,hungary,0.06
2004,hungary,0.06
2005,hungary,0.06
2006,hungary,0.06
2007,hungary,0.06
2008,hungary,0.06
2009,hungary,0.1
2010,hungary,0.1
2011,hungary,0.1
1979,iceland,0.012373161
1990,iceland,0.06
1991,iceland,0.06
1992,iceland,0.1
1993,iceland,0.1
1994,iceland,0.1
1995,iceland,0.1
1996,iceland,0.1
1997,iceland,0.1
1998,iceland,0.2
1999,iceland,0.2
2000,iceland,0.2
2001,iceland,0.2
2002,iceland,0.2
2003,iceland,0.2
2004,iceland,0.2
2005,iceland,0.3
2006,iceland,0.3
2007,iceland,0.3
2008,iceland,0.3
2009,iceland,0.3
2010,iceland,0.3
2011,iceland,0.3
1990,india,0.1
1991,india,0.1
1992,india,0.1
1993,india,0.2
1994,india,0.2
1995,india,0.3
1996,india,0.3
1997,india,0.3
1998,india,0.4
1999,india,0.4
2000,india,0.4
2001,india,0.4
2002,india,0.4
2003,india,0.4
2004,india,0.39
2005,india,0.37
2006,india,0.37
2007,india,0.34
2008,india,0.32
2009,india,0.31
1990,indonesia,0.06
1991,indonesia,0.06
1992,indonesia,0.06
1993,indonesia,0.06
1994,indonesia,0.06
1995,indonesia,0.06
1996,indonesia,0.06
1997,indonesia,0.06
1998,indonesia,0.06
1999,indonesia,0.06
2000,indonesia,0.06
2001,indonesia,0.06
2002,indonesia,0.06
2003,indonesia,0.06
2004,indonesia,0.1
2005,indonesia,0.1
2006,indonesia,0.1
2007,indonesia,0.1
2008,indonesia,0.2
2009,indonesia,0.2
2010,indonesia,0.2
2011,indonesia,0.3
1990,iran,0.06
1991,iran,0.06
1992,iran,0.06
1993,iran,0.06
1994,iran,0.06
1995,iran,0.06
1996,iran,0.06
1997,iran,0.1
1998,iran,0.1
1999,iran,0.1
2000,iran,0.1
2001,iran,0.1
2002,iran,0.1
2003,iran,0.2
2004,iran,0.2
2005,iran,0.2
2006,iran,0.2
2007,iran,0.2
2008,iran,0.2
2009,iran,0.2
2010,iran,0.2
2011,iran,0.2
1982,ireland,0.015104416
1990,ireland,0.06
1991,ireland,0.06
1992,ireland,0.1
1993,ireland,0.1
1994,ireland,0.1
1995,ireland,0.1
1996,ireland,0.1
1997,ireland,0.1
1998,ireland,0.2
1999,ireland,0.2
2000,ireland,0.2
2001,ireland,0.2
2002,ireland,0.2
2003,ireland,0.2
2004,ireland,0.2
2005,ireland,0.2
2006,ireland,0.2
2007,ireland,0.2
2008,ireland,0.2
2009,ireland,0.3
2010,ireland,0.3
2011,ireland,0.3
1979,israel,0.012167647
1990,israel,0.06
1991,israel,0.1
1992,israel,0.1
1993,israel,0.1
1994,israel,0.1
1995,israel,0.1
1996,israel,0.1
1997,israel,0.1
1998,israel,0.1
1999,israel,0.1
2000,israel,0.1
2001,israel,0.1
2002,israel,0.1
2003,israel,0.2
2004,israel,0.2
2005,israel,0.2
2006,israel,0.2
2007,israel,0.2
2008,israel,0.2
2009,israel,0.2
2010,israel,0.2
2011,israel,0.2
1979,italy,0.01
1990,italy,0.3
1991,italy,0.3
1992,italy,0.3
1993,italy,0.3
1994,italy,0.3
1995,italy,0.3
1996,italy,0.3
1997,italy,0.3
1998,italy,0.3
1999,italy,0.3
2000,italy,0.3
2001,italy,0.3
2002,italy,0.3
2003,italy,0.3
2004,italy,0.3
2005,italy,0.3
2006,italy,0.3
2007,italy,0.3
2008,italy,0.3
2009,italy,0.4
2010,italy,0.4
2011,italy,0.4
1979,jamaica,0.014488866999999999
1990,jamaica,2.1
1991,jamaica,2.2
1992,jamaica,2.2
1993,jamaica,2.2
1994,jamaica,2.2
1995,jamaica,2.2
1996,jamaica,2.1
1997,jamaica,2.1
1998,jamaica,2.0
1999,jamaica,2.0
2000,jamaica,1.9
2001,jamaica,1.9
2002,jamaica,1.9
2003,jamaica,1.8
2004,jamaica,1.8
2005,jamaica,1.8
2006,jamaica,1.7
2007,jamaica,1.7
2008,jamaica,1.7
2009,jamaica,1.8
2010,jamaica,1.8
2011,jamaica,1.8
1990,japan,0.06
1991,japan,0.06
1992,japan,0.06
1993,japan,0.06
1994,japan,0.06
1995,japan,0.06
1996,japan,0.06
1997,japan,0.06
1998,japan,0.06
1999,japan,0.06
2000,japan,0.06
2001,japan,0.06
2002,japan,0.06
2003,japan,0.06
2004,japan,0.06
2005,japan,0.06
2006,japan,0.06
2007,japan,0.06
2008,japan,0.06
2009,japan,0.06
2010,japan,0.06
2011,japan,0.06
1990,kazakhstan,0.06
1991,kazakhstan,0.06
1992,kazakhstan,0.06
1993,kazakhstan,0.06
1994,kazakhstan,0.06
1995,kazakhstan,0.06
1996,kazakhstan,0.06
1997,kazakhstan,0.06
1998,kazakhstan,0.06
1999,kazakhstan,0.06
2000,kazakhstan,0.06
2001,kazakhstan,0.06
2002,kazakhstan,0.06
2003,kazakhstan,0.1
2004,kazakhstan,0.1
2005,kazakhstan,0.1
2006,kazakhstan,0.1
2007,kazakhstan,0.1
2008,kazakhstan,0.1
2009,kazakhstan,0.2
2010,kazakhstan,0.2
2011,kazakhstan,0.2
1979,kenya,0.07
1990,kenya,3.9
1991,kenya,5.4
1992,kenya,7.0
1993,kenya,8.4
1994,kenya,9.6
1995,kenya,10.3
1996,kenya,10.5
1997,kenya,10.5
1998,kenya,10.1
1999,kenya,9.6
2000,kenya,9.0
2001,kenya,8.4
2002,kenya,7.9
2003,kenya,7.5
2004,kenya,7.1
2005,kenya,6.8
2006,kenya,6.6
2007,kenya,6.4
2008,kenya,6.3
2009,kenya,6.2
2010,kenya,6.2
2011,kenya,6.2
1990,kyrgyz_republic,0.06
1991,kyrgyz_republic,0.06
1992,kyrgyz_republic,0.06
1993,kyrgyz_republic,0.06
1994,kyrgyz_republic,0.06
1995,kyrgyz_republic,0.06
1996,kyrgyz_republic,0.06
1997,kyrgyz_republic,0.06
1998,kyrgyz_republic,0.06
1999,kyrgyz_republic,0.06
2000,kyrgyz_republic,0.06
2001,kyrgyz_republic,0.06
2002,kyrgyz_republic,0.06
2003,kyrgyz_republic,0.06
2004,kyrgyz_republic,0.1
2005,kyrgyz_republic,0.1
2006,kyrgyz_republic,0.1
2007,kyrgyz_republic,0.2
2008,kyrgyz_republic,0.2
2009,kyrgyz_republic,0.2
2010,kyrgyz_republic,0.3
2011,kyrgyz_republic,0.4
1990,lao,0.06
1991,lao,0.06
1992,lao,0.06
1993,lao,0.06
1994,lao,0.06
1995,lao,0.06
1996,lao,0.06
1997,lao,0.06
1998,lao,0.06
1999,lao,0.06
2000,lao,0.06
2001,lao,0.06
2002,lao,0.06
2003,lao,0.1
2004,lao,0.1
2005,lao,0.1
2006,lao,0.1
2007,lao,0.2
2008,lao,0.2
2009,lao,0.2
2010,lao,0.3
2011,lao,0.3
1990,latvia,0.06
1991,latvia,0.06
1992,latvia,0.06
1993,latvia,0.1
1994,latvia,0.1
1995,latvia,0.1
1996,latvia,0.1
1997,latvia,0.2
1998,latvia,0.2
1999,latvia,0.2
2000,latvia,0.3
2001,latvia,0.4
2002,latvia,0.4
2003,latvia,0.5
2004,latvia,0.5
2005,latvia,0.6
2006,latvia,0.6
2007,latvia,0.6
2008,latvia,0.6
2009,latvia,0.7
2010,latvia,0.7
2011,latvia,0.7
1979,lebanon,0.012167647
1990,lebanon,0.06
1991,lebanon,0.06
1992,lebanon,0.06
1993,lebanon,0.1
1994,lebanon,0.1
1995,lebanon,0.1
1996,lebanon,0.1
1997,lebanon,0.1
1998,lebanon,0.1
1999,lebanon,0.1
2000,lebanon,0.2
2001,lebanon,0.2
2002,lebanon,0.2
2003,lebanon,0.2
2004,lebanon,0.2
2005,lebanon,0.1
2006,lebanon,0.1
2007,lebanon,0.1
2008,lebanon,0.1
2009,lebanon,0.1
2010,lebanon,0.1
2011,lebanon,0.1
1984,lesotho,0.011079346
1990,lesotho,0.8
1991,lesotho,1.7
1992,lesotho,3.3
1993,lesotho,5.9
1994,lesotho,9.8
1995,lesotho,14.3
1996,lesotho,18.5
1997,lesotho,21.6
1998,lesotho,23.4
1999,lesotho,24.2
2000,lesotho,24.5
2001,lesotho,24.5
2002,lesotho,24.3
2003,lesotho,24.1
2004,lesotho,23.8
2005,lesotho,23.6
2006,lesotho,23.5
2007,lesotho,23.5
2008,lesotho,23.6
2009,lesotho,23.0
2010,lesotho,23.2
2011,lesotho,23.3
1979,liberia,0.01185026
1990,liberia,0.3
1991,liberia,0.5
1992,liberia,1.0
1993,liberia,1.7
1994,liberia,2.5
1995,liberia,3.1
1996,liberia,3.4
1997,liberia,3.6
1998,liberia,3.5
1999,liberia,3.4
2000,liberia,3.3
2001,liberia,3.1
2002,liberia,2.8
2003,liberia,2.6
2004,liberia,2.4
2005,liberia,2.2
2006,liberia,2.0
2007,liberia,1.8
2008,liberia,1.6
2009,liberia,1.3
2010,liberia,1.1
2011,liberia,1.0
1990,lithuania,0.06
1991,lithuania,0.06
1992,lithuania,0.06
1993,lithuania,0.06
1994,lithuania,0.06
1995,lithuania,0.06
1996,lithuania,0.06
1997,lithuania,0.06
1998,lithuania,0.06
1999,lithuania,0.06
2000,lithuania,0.06
2001,lithuania,0.06
2002,lithuania,0.06
2003,lithuania,0.06
2004,lithuania,0.06
2005,lithuania,0.06
2006,lithuania,0.06
2007,lithuania,0.1
2008,lithuania,0.1
2009,lithuania,0.1
2010,lithuania,0.1
2011,lithuania,0.1
1979,luxembourg,0.013690696
1990,luxembourg,0.1
1991,luxembourg,0.1
1992,luxembourg,0.1
1993,luxembourg,0.1
1994,luxembourg,0.1
1995,luxembourg,0.2
1996,luxembourg,0.2
1997,luxembourg,0.2
1998,luxembourg,0.2
1999,luxembourg,0.2
2000,luxembourg,0.2
2001,luxembourg,0.3
2002,luxembourg,0.3
2003,luxembourg,0.3
2004,luxembourg,0.3
2005,luxembourg,0.3
2006,luxembourg,0.3
2007,luxembourg,0.3
2008,luxembourg,0.3
2009,luxembourg,0.3
2010,luxembourg,0.3
2011,luxembourg,0.3
1990,madagascar,0.2
1991,madagascar,0.2
1992,madagascar,0.2
1993,madagascar,0.2
1994,madagascar,0.2
1995,madagascar,0.2
1996,madagascar,0.2
1997,madagascar,0.2
1998,madagascar,0.2
1999,madagascar,0.2
2000,madagascar,0.2
2001,madagascar,0.2
2002,madagascar,0.2
2003,madagascar,0.2
2004,madagascar,0.2
2005,madagascar,0.2
2006,madagascar,0.2
2007,madagascar,0.2
2008,madagascar,0.2
2009,madagascar,0.3
2010,madagascar,0.3
2011,madagascar,0.3
1980,malawi,0.015321148
1990,malawi,7.2
1991,malawi,8.8
1992,malawi,10.5
1993,malawi,11.9
1994,malawi,13.1
1995,malawi,13.9
1996,malawi,14.5
1997,malawi,14.7
1998,malawi,14.7
1999,malawi,14.5
2000,malawi,14.2
2001,malawi,13.8
2002,malawi,13.4
2003,malawi,13.0
2004,malawi,12.5
2005,malawi,12.1
2006,malawi,11.8
2007,malawi,11.4
2008,malawi,11.2
2009,malawi,10.9
2010,malawi,10.4
2011,malawi,10.0
1987,malaysia,0.010175238
1990,malaysia,0.1
1991,malaysia,0.1
1992,malaysia,0.1
1993,malaysia,0.2
1994,malaysia,0.3
1995,malaysia,0.3
1996,malaysia,0.3
1997,malaysia,0.4
1998,malaysia,0.4
1999,malaysia,0.4
2000,malaysia,0.4
2001,malaysia,0.4
2002,malaysia,0.4
2003,malaysia,0.4
2004,malaysia,0.4
2005,malaysia,0.5
2006,malaysia,0.5
2007,malaysia,0.5
2008,malaysia,0.5
2009,malaysia,0.4
2010,malaysia,0.4
2011,malaysia,0.4
1990,maldives,0.06
1991,maldives,0.06
1992,maldives,0.06
1993,maldives,0.06
1994,maldives,0.06
1995,maldives,0.06
1996,maldives,0.06
1997,maldives,0.06
1998,maldives,0.06
1999,maldives,0.06
2000,maldives,0.06
2001,maldives,0.06
2002,maldives,0.06
2003,maldives,0.06
2004,maldives,0.06
2005,maldives,0.06
2006,maldives,0.06
2007,maldives,0.06
2008,maldives,0.06
2009,maldives,0.06
2010,maldives,0.06
2011,maldives,0.06
1982,mali,0.012575161999999999
1990,mali,0.4
1991,mali,0.6
1992,mali,1.0
1993,mali,1.4
1994,mali,1.7
1995,mali,1.8
1996,mali,1.9
1997,mali,1.9
1998,mali,1.8
1999,mali,1.8
2000,mali,1.7
2001,mali,1.6
2002,mali,1.5
2003,mali,1.4
2004,mali,1.3
2005,mali,1.2
2006,mali,1.1
2007,mali,1.1
2008,mali,1.0
2009,mali,1.2
2010,mali,1.1
2011,mali,1.1
1990,malta,0.06
1991,malta,0.06
1992,malta,0.06
1993,malta,0.06
1994,malta,0.1
1995,malta,0.1
1996,malta,0.1
1997,malta,0.1
1998,malta,0.1
1999,malta,0.1
2000,malta,0.1
2001,malta,0.1
2002,malta,0.1
2003,malta,0.1
2004,malta,0.1
2005,malta,0.1
2006,malta,0.1
2007,malta,0.1
2008,malta,0.1
2009,malta,0.1
2010,malta,0.1
2011,malta,0.1
1990,mauritania,0.2
1991,mauritania,0.2
1992,mauritania,0.2
1993,mauritania,0.3
1994,mauritania,0.3
1995,mauritania,0.4
1996,mauritania,0.4
1997,mauritania,0.5
1998,mauritania,0.5
1999,mauritania,0.5
2000,mauritania,0.6
2001,mauritania,0.6
2002,mauritania,0.6
2003,mauritania,0.7
2004,mauritania,0.7
2005,mauritania,0.7
2006,mauritania,0.7
2007,mauritania,0.7
2008,mauritania,0.7
2009,mauritania,1.0
2010,mauritania,1.1
2011,mauritania,1.1
1990,mauritius,0.06
1991,mauritius,0.1
1992,mauritius,0.1
1993,mauritius,0.1
1994,mauritius,0.1
1995,mauritius,0.1
1996,mauritius,0.1
1997,mauritius,0.2
1998,mauritius,0.2
1999,mauritius,0.3
2000,mauritius,0.3
2001,mauritius,0.4
2002,mauritius,0.4
2003,mauritius,0.5
2004,mauritius,0.6
2005,mauritius,0.7
2006,mauritius,0.7
2007,mauritius,0.8
2008,mauritius,0.9
2009,mauritius,1.0
2010,mauritius,1.0
2011,mauritius,1.0
1979,mexico,0.03122474
1990,mexico,0.4
1991,mexico,0.4
1992,mexico,0.4
1993,mexico,0.4
1994,mexico,0.3
1995,mexico,0.3
1996,mexico,0.3
1997,mexico,0.3
1998,mexico,0.3
1999,mexico,0.3
2000,mexico,0.3
2001,mexico,0.3
2002,mexico,0.3
2003,mexico,0.3
2004,mexico,0.3
2005,mexico,0.3
2006,mexico,0.3
2007,mexico,0.3
2008,mexico,0.3
2009,mexico,0.2
2010,mexico,0.2
2011,mexico,0.2
1990,moldova,0.06
1991,moldova,0.1
1992,moldova,0.1
1993,moldova,0.1
1994,moldova,0.1
1995,moldova,0.1
1996,moldova,0.2
1997,moldova,0.3
1998,moldova,0.3
1999,moldova,0.4
2000,moldova,0.4
2001,moldova,0.4
2002,moldova,0.4
2003,moldova,0.4
2004,moldova,0.4
2005,moldova,0.4
2006,moldova,0.4
2007,moldova,0.4
2008,moldova,0.4
2009,moldova,0.5
2010,moldova,0.5
2011,moldova,0.5
1990,mongolia,0.06
1991,mongolia,0.06
1992,mongolia,0.06
1993,mongolia,0.06
1994,mongolia,0.06
1995,mongolia,0.06
1996,mongolia,0.06
1997,mongolia,0.06
1998,mongolia,0.06
1999,mongolia,0.06
2000,mongolia,0.06
2001,mongolia,0.06
2002,mongolia,0.06
2003,mongolia,0.06
2004,mongolia,0.06
2005,mongolia,0.06
2006,mongolia,0.06
2007,mongolia,0.06
2008,mongolia,0.06
2009,mongolia,0.06
2010,mongolia,0.06
2011,mongolia,0.06
1990,morocco,0.06
1991,morocco,0.06
1992,morocco,0.06
1993,morocco,0.06
1994,morocco,0.06
1995,morocco,0.06
1996,morocco,0.1
1997,morocco,0.1
1998,morocco,0.1
1999,morocco,0.1
2000,morocco,0.1
2001,morocco,0.1
2002,morocco,0.1
2003,morocco,0.1
2004,morocco,0.1
2005,morocco,0.1
2006,morocco,0.1
2007,morocco,0.1
2008,morocco,0.1
2009,morocco,0.1
2010,morocco,0.1
2011,morocco,0.2
1979,mozambique,0.075681075
1990,mozambique,1.2
1991,mozambique,1.6
1992,mozambique,2.1
1993,mozambique,2.7
1994,mozambique,3.4
1995,mozambique,4.1
1996,mozambique,4.9
1997,mozambique,5.8
1998,mozambique,6.7
1999,mozambique,7.7
2000,mozambique,8.6
2001,mozambique,9.4
2002,mozambique,10.1
2003,mozambique,10.6
2004,mozambique,11.0
2005,mozambique,11.2
2006,mozambique,11.3
2007,mozambique,11.4
2008,mozambique,11.4
2009,mozambique,11.3
2010,mozambique,11.3
2011,mozambique,11.3
1985,myanmar,0.01
1990,myanmar,0.2
1991,myanmar,0.3
1992,myanmar,0.4
1993,myanmar,0.4
1994,myanmar,0.5
1995,myanmar,0.6
1996,myanmar,0.6
1997,myanmar,0.7
1998,myanmar,0.7
1999,myanmar,0.7
2000,myanmar,0.8
2001,myanmar,0.8
2002,myanmar,0.7
2003,myanmar,0.7
2004,myanmar,0.7
2005,myanmar,0.7
2006,myanmar,0.7
2007,myanmar,0.6
2008,myanmar,0.6
2009,myanmar,0.7
2010,myanmar,0.7
2011,myanmar,0.6
1979,namibia,0.016749108000000002
1990,namibia,1.6
1991,namibia,2.2
1992,namibia,3.0
1993,namibia,4.1
1994,namibia,5.5
1995,namibia,7.1
1996,namibia,8.9
1997,namibia,10.7
1998,namibia,12.5
1999,namibia,14.1
2000,namibia,15.3
2001,namibia,16.1
2002,namibia,16.5
2003,namibia,16.5
2004,namibia,16.2
2005,namibia,15.7
2006,namibia,15.0
2007,namibia,14.3
2008,namibia,13.7
2009,namibia,13.7
2010,namibia,13.6
2011,namibia,13.4
1985,nepal,0.01
1990,nepal,0.2
1991,nepal,0.3
1992,nepal,0.3
1993,nepal,0.3
1994,nepal,0.4
1995,nepal,0.4
1996,nepal,0.4
1997,nepal,0.4
1998,nepal,0.5
1999,nepal,0.5
2000,nepal,0.5
2001,nepal,0.5
2002,nepal,0.5
2003,nepal,0.5
2004,nepal,0.5
2005,nepal,0.4
2006,nepal,0.4
2007,nepal,0.4
2008,nepal,0.4
2009,nepal,0.4
2010,nepal,0.3
2011,nepal,0.3
1982,netherlands,0.010807512
1990,netherlands,0.1
1991,netherlands,0.1
1992,netherlands,0.1
1993,netherlands,0.1
1994,netherlands,0.1
1995,netherlands,0.2
1996,netherlands,0.2
1997,netherlands,0.2
1998,netherlands,0.2
1999,netherlands,0.2
2000,netherlands,0.2
2001,netherlands,0.2
2002,netherlands,0.2
2003,netherlands,0.2
2004,netherlands,0.2
2005,netherlands,0.2
2006,netherlands,0.2
2007,netherlands,0.2
2008,netherlands,0.2
2009,netherlands,0.2
2010,netherlands,0.2
2011,netherlands,0.2
1986,new_zealand,0.01137169
1990,new_zealand,0.1
1991,new_zealand,0.1
1992,new_zealand,0.1
1993,new_zealand,0.06
1994,new_zealand,0.06
1995,new_zealand,0.06
1996,new_zealand,0.1
1997,new_zealand,0.1
1998,new_zealand,0.1
1999,new_zealand,0.1
2000,new_zealand,0.1
2001,new_zealand,0.1
2002,new_zealand,0.1
2003,new_zealand,0.1
2004,new_zealand,0.1
2005,new_zealand,0.1
2006,new_zealand,0.1
2007,new_zealand,0.1
2008,new_zealand,0.1
2009,new_zealand,0.1
2010,new_zealand,0.1
2011,new_zealand,0.1
1986,nicaragua,0.00951034
1990,nicaragua,0.06
1991,nicaragua,0.06
1992,nicaragua,0.06
1993,nicaragua,0.1
1994,nicaragua,0.1
1995,nicaragua,0.1
1996,nicaragua,0.1
1997,nicaragua,0.1
1998,nicaragua,0.1
1999,nicaragua,0.1
2000,nicaragua,0.1
2001,nicaragua,0.1
2002,nicaragua,0.1
2003,nicaragua,0.1
2004,nicaragua,0.2
2005,nicaragua,0.2
2006,nicaragua,0.2
2007,nicaragua,0.2
2008,nicaragua,0.2
2009,nicaragua,0.2
2010,nicaragua,0.2
2011,nicaragua,0.2
1983,niger,0.011430135
1990,niger,0.1
1991,niger,0.1
1992,niger,0.2
1993,niger,0.3
1994,niger,0.4
1995,niger,0.6
1996,niger,0.7
1997,niger,0.9
1998,niger,0.9
1999,niger,1.0
2000,niger,1.0
2001,niger,1.0
2002,niger,1.0
2003,niger,1.0
2004,niger,0.9
2005,niger,0.9
2006,niger,0.9
2007,niger,0.8
2008,niger,0.8
2009,niger,0.8
2010,niger,0.8
2011,niger,0.8
1979,nigeria,0.037979687000000005
1990,nigeria,1.3
1991,nigeria,2.2
1992,nigeria,3.1
1993,nigeria,3.6
1994,nigeria,3.8
1995,nigeria,4.0
1996,nigeria,4.0
1997,nigeria,4.0
1998,nigeria,4.0
1999,nigeria,4.0
2000,nigeria,3.9
2001,nigeria,3.8
2002,nigeria,3.8
2003,nigeria,3.7
2004,nigeria,3.7
2005,nigeria,3.7
2006,nigeria,3.6
2007,nigeria,3.6
2008,nigeria,3.6
2009,nigeria,3.6
2010,nigeria,3.7
2011,nigeria,3.7
1983,norway,0.014449506
1990,norway,0.06
1991,norway,0.06
1992,norway,0.1
1993,norway,0.1
1994,norway,0.1
1995,norway,0.1
1996,norway,0.1
1997,norway,0.1
1998,norway,0.1
1999,norway,0.1
2000,norway,0.1
2001,norway,0.1
2002,norway,0.1
2003,norway,0.1
2004,norway,0.1
2005,norway,0.1
2006,norway,0.1
2007,norway,0.1
2008,norway,0.1
2009,norway,0.1
2010,norway,0.1
2011,norway,0.1
1990,oman,0.06
1991,oman,0.06
1992,oman,0.06
1993,oman,0.06
1994,oman,0.06
1995,oman,0.06
1996,oman,0.06
1997,oman,0.06
1998,oman,0.06
1999,oman,0.06
2000,oman,0.06
2001,oman,0.06
2002,oman,0.06
2003,oman,0.06
2004,oman,0.06
2005,oman,0.06
2006,oman,0.06
2007,oman,0.1
2008,oman,0.1
1990,pakistan,0.06
1991,pakistan,0.06
1992,pakistan,0.06
1993,pakistan,0.06
1994,pakistan,0.06
1995,pakistan,0.06
1996,pakistan,0.06
1997,pakistan,0.06
1998,pakistan,0.06
1999,pakistan,0.06
2000,pakistan,0.06
2001,pakistan,0.1
2002,pakistan,0.1
2003,pakistan,0.1
2004,pakistan,0.1
2005,pakistan,0.1
2006,pakistan,0.1
2007,pakistan,0.1
2008,pakistan,0.1
2009,pakistan,0.1
2010,pakistan,0.1
2011,pakistan,0.1
1979,panama,0.046410768
1990,panama,0.2
1991,panama,0.3
1992,panama,0.3
1993,panama,0.4
1994,panama,1.1
1995,panama,1.6
1996,panama,1.6
1997,panama,1.6
1998,panama,1.6
1999,panama,1.5
2000,panama,1.4
2001,panama,1.4
2002,panama,1.3
2003,panama,1.2
2004,panama,1.1
2005,panama,1.1
2006,panama,1.0
2007,panama,0.9
2008,panama,0.9
2009,panama,0.8
2010,panama,0.8
2011,panama,0.8
1987,papua_new_guinea,0.010175238
1990,papua_new_guinea,0.06
1991,papua_new_guinea,0.06
1992,papua_new_guinea,0.06
1993,papua_new_guinea,0.1
1994,papua_new_guinea,0.1
1995,papua_new_guinea,0.1
1996,papua_new_guinea,0.1
1997,papua_new_guinea,0.2
1998,papua_new_guinea,0.2
1999,papua_new_guinea,0.3
2000,papua_new_guinea,0.4
2001,papua_new_guinea,0.5
2002,papua_new_guinea,0.6
2003,papua_new_guinea,0.7
2004,papua_new_guinea,0.7
2005,papua_new_guinea,0.8
2006,papua_new_guinea,0.8
2007,papua_new_guinea,0.9
2008,papua_new_guinea,0.9
2009,papua_new_guinea,0.7
2010,papua_new_guinea,0.7
2011,papua_new_guinea,0.7
1983,paraguay,0.00974306
1990,paraguay,0.06
1991,paraguay,0.1
1992,paraguay,0.2
1993,paraguay,0.2
1994,paraguay,0.2
1995,paraguay,0.2
1996,paraguay,0.2
1997,paraguay,0.2
1998,paraguay,0.3
1999,paraguay,0.3
2000,paraguay,0.3
2001,paraguay,0.3
2002,paraguay,0.3
2003,paraguay,0.3
2004,paraguay,0.3
2005,paraguay,0.3
2006,paraguay,0.3
2007,paraguay,0.3
2008,paraguay,0.3
2009,paraguay,0.3
2010,paraguay,0.3
2011,paraguay,0.3
1979,peru,0.010679312
1990,peru,0.4
1991,peru,0.4
1992,peru,0.5
1993,peru,0.5
1994,peru,0.5
1995,peru,0.5
1996,peru,0.5
1997,peru,0.5
1998,peru,0.5
1999,peru,0.5
2000,peru,0.5
2001,peru,0.5
2002,peru,0.5
2003,peru,0.5
2004,peru,0.5
2005,peru,0.4
2006,peru,0.4
2007,peru,0.4
2008,peru,0.4
2009,peru,0.4
2010,peru,0.4
2011,peru,0.4
1990,philippines,0.06
1991,philippines,0.06
1992,philippines,0.06
1993,philippines,0.06
1994,philippines,0.06
1995,philippines,0.06
1996,philippines,0.06
1997,philippines,0.06
1998,philippines,0.06
1999,philippines,0.06
2000,philippines,0.06
2001,philippines,0.06
2002,philippines,0.06
2003,philippines,0.06
2004,philippines,0.06
2005,philippines,0.06
2006,philippines,0.06
2007,philippines,0.06
2008,philippines,0.06
2009,philippines,0.06
2010,philippines,0.06
2011,philippines,0.06
1990,poland,0.06
1991,poland,0.06
1992,poland,0.06
1993,poland,0.1
1994,poland,0.1
1995,poland,0.1
1996,poland,0.1
1997,poland,0.1
1998,poland,0.1
1999,poland,0.1
2000,poland,0.1
2001,poland,0.1
2002,poland,0.1
2003,poland,0.1
2004,poland,0.1
2005,poland,0.1
2006,poland,0.1
2007,poland,0.1
2008,poland,0.1
2009,poland,0.1
2010,poland,0.1
2011,poland,0.1
1979,portugal,0.02050798
1990,portugal,0.1
1991,portugal,0.1
1992,portugal,0.2
1993,portugal,0.2
1994,portugal,0.3
1995,portugal,0.3
1996,portugal,0.3
1997,portugal,0.4
1998,portugal,0.4
1999,portugal,0.4
2000,portugal,0.4
2001,portugal,0.5
2002,portugal,0.5
2003,portugal,0.5
2004,portugal,0.5
2005,portugal,0.5
2006,portugal,0.5
2007,portugal,0.5
2008,portugal,0.5
2009,portugal,0.7
2010,portugal,0.7
2011,portugal,0.7
1990,qatar,0.06
1991,qatar,0.06
1992,qatar,0.06
1993,qatar,0.06
1994,qatar,0.06
1995,qatar,0.06
1996,qatar,0.06
1997,qatar,0.06
1998,qatar,0.06
1999,qatar,0.06
2000,qatar,0.06
2001,qatar,0.06
2002,qatar,0.06
2003,qatar,0.06
2004,qatar,0.06
2005,qatar,0.06
2006,qatar,0.06
2007,qatar,0.06
2008,qatar,0.06
1990,romania,0.06
1991,romania,0.06
1992,romania,0.06
1993,romania,0.1
1994,romania,0.1
1995,romania,0.1
1996,romania,0.1
1997,romania,0.1
1998,romania,0.1
1999,romania,0.1
2000,romania,0.1
2001,romania,0.1
2002,romania,0.1
2003,romania,0.1
2004,romania,0.1
2005,romania,0.1
2006,romania,0.1
2007,romania,0.1
2008,romania,0.1
2009,romania,0.1
2010,romania,0.1
2011,romania,0.1
1990,russia,0.06
1991,russia,0.06
1992,russia,0.06
1993,russia,0.06
1994,russia,0.06
1995,russia,0.06
1996,russia,0.06
1997,russia,0.06
1998,russia,0.1
1999,russia,0.1
2000,russia,0.3
2001,russia,0.5
2002,russia,0.6
2003,russia,0.8
2004,russia,0.8
2005,russia,0.9
2006,russia,0.9
2007,russia,0.9
2008,russia,1.0
1979,rwanda,0.01
1990,rwanda,5.2
1991,rwanda,5.2
1992,rwanda,5.1
1993,rwanda,5.0
1994,rwanda,4.9
1995,rwanda,4.7
1996,rwanda,4.5
1997,rwanda,4.3
1998,rwanda,4.2
1999,rwanda,4.0
2000,rwanda,3.8
2001,rwanda,3.7
2002,rwanda,3.6
2003,rwanda,3.4
2004,rwanda,3.2
2005,rwanda,3.1
2006,rwanda,3.0
2007,rwanda,2.9
2008,rwanda,2.9
2009,rwanda,3.0
2010,rwanda,3.0
2011,rwanda,2.9
2009,sao_tome_and_principe,1.0
2010,sao_tome_and_principe,1.0
2011,sao_tome_and_principe,1.0
1981,senegal,0.00952155
1990,senegal,0.2
1991,senegal,0.2
1992,senegal,0.2
1993,senegal,0.3
1994,senegal,0.3
1995,senegal,0.4
1996,senegal,0.4
1997,senegal,0.5
1998,senegal,0.5
1999,senegal,0.5
2000,senegal,0.6
2001,senegal,0.6
2002,senegal,0.7
2003,senegal,0.7
2004,senegal,0.7
2005,senegal,0.8
2006,senegal,0.8
2007,senegal,0.8
2008,senegal,0.8
2009,senegal,0.7
2010,senegal,0.7
2011,senegal,0.7
1985,serbia,0.01
1990,serbia,0.1
1991,serbia,0.1
1992,serbia,0.1
1993,serbia,0.1
1994,serbia,0.1
1995,serbia,0.1
1996,serbia,0.06
1997,serbia,0.06
1998,serbia,0.06
1999,serbia,0.06
2000,serbia,0.06
2001,serbia,0.06
2002,serbia,0.1
2003,serbia,0.1
2004,serbia,0.1
2005,serbia,0.1
2006,serbia,0.1
2007,serbia,0.1
2008,serbia,0.1
2009,serbia,0.1
2010,serbia,0.1
2011,serbia,0.1
1985,sierra_leone,0.011022285
1990,sierra_leone,0.06
1991,sierra_leone,0.06
1992,sierra_leone,0.1
1993,sierra_leone,0.1
1994,sierra_leone,0.1
1995,sierra_leone,0.2
1996,sierra_leone,0.3
1997,sierra_leone,0.4
1998,sierra_leone,0.6
1999,sierra_leone,0.8
2000,sierra_leone,0.9
2001,sierra_leone,1.1
2002,sierra_leone,1.2
2003,sierra_leone,1.3
2004,sierra_leone,1.4
2005,sierra_leone,1.5
2006,sierra_leone,1.6
2007,sierra_leone,1.6
2008,sierra_leone,1.6
2009,sierra_leone,1.6
2010,sierra_leone,1.6
2011,sierra_leone,1.6
1990,singapore,0.06
1991,singapore,0.06
1992,singapore,0.1
1993,singapore,0.1
1994,singapore,0.1
1995,singapore,0.1
1996,singapore,0.1
1997,singapore,0.1
1998,singapore,0.1
1999,singapore,0.1
2000,singapore,0.1
2001,singapore,0.1
2002,singapore,0.1
2003,singapore,0.1
2004,singapore,0.1
2005,singapore,0.1
2006,singapore,0.1
2007,singapore,0.1
2008,singapore,0.1
2009,singapore,0.1
2010,singapore,0.1
2011,singapore,0.1
1990,slovak_republic,0.06
1991,slovak_republic,0.06
1992,slovak_republic,0.06
1993,slovak_republic,0.06
1994,slovak_republic,0.06
1995,slovak_republic,0.06
1996,slovak_republic,0.06
1997,slovak_republic,0.06
1998,slovak_republic,0.06
1999,slovak_republic,0.06
2000,slovak_republic,0.06
2001,slovak_republic,0.06
2002,slovak_republic,0.06
2003,slovak_republic,0.06
2004,slovak_republic,0.06
2005,slovak_republic,0.06
2006,slovak_republic,0.06
2007,slovak_republic,0.06
2008,slovak_republic,0.06
2009,slovak_republic,0.06
2010,slovak_republic,0.06
2011,slovak_republic,0.06
1990,slovenia,0.06
1991,slovenia,0.06
1992,slovenia,0.06
1993,slovenia,0.06
1994,slovenia,0.06
1995,slovenia,0.06
1996,slovenia,0.06
1997,slovenia,0.06
1998,slovenia,0.06
1999,slovenia,0.06
2000,slovenia,0.06
2001,slovenia,0.06
2002,slovenia,0.06
2003,slovenia,0.06
2004,slovenia,0.06
2005,slovenia,0.06
2006,slovenia,0.06
2007,slovenia,0.06
2008,slovenia,0.06
2009,slovenia,0.06
2010,slovenia,0.1
2011,slovenia,0.1
1987,somalia,0.010400419000000001
1990,somalia,0.1
1991,somalia,0.1
1992,somalia,0.1
1993,somalia,0.1
1994,somalia,0.1
1995,somalia,0.1
1996,somalia,0.1
1997,somalia,0.2
1998,somalia,0.2
1999,somalia,0.2
2000,somalia,0.2
2001,somalia,0.3
2002,somalia,0.3
2003,somalia,0.3
2004,somalia,0.4
2005,somalia,0.4
2006,somalia,0.5
2007,somalia,0.6
2008,somalia,0.6
2009,somalia,0.7
2010,somalia,0.7
2011,somalia,0.7
1981,south_africa,0.014208588999999999
1990,south_africa,0.7
1991,south_africa,1.2
1992,south_africa,1.8
1993,south_africa,2.9
1994,south_africa,4.3
1995,south_africa,6.1
1996,south_africa,8.4
1997,south_africa,10.7
1998,south_africa,12.9
1999,south_africa,14.8
2000,south_africa,16.1
2001,south_africa,17.1
2002,south_africa,17.7
2003,south_africa,18.0
2004,south_africa,18.1
2005,south_africa,18.1
2006,south_africa,18.1
2007,south_africa,18.0
2008,south_africa,17.9
2009,south_africa,17.2
2010,south_africa,17.3
2011,south_africa,17.3
1990,south_korea,0.06
1991,south_korea,0.06
1992,south_korea,0.06
1993,south_korea,0.06
1994,south_korea,0.06
1995,south_korea,0.06
1996,south_korea,0.06
1997,south_korea,0.06
1998,south_korea,0.06
1999,south_korea,0.06
2000,south_korea,0.06
2001,south_korea,0.06
2002,south_korea,0.06
2003,south_korea,0.06
2004,south_korea,0.06
2005,south_korea,0.06
2006,south_korea,0.06
2007,south_korea,0.06
2008,south_korea,0.06
2009,south_korea,0.06
2010,south_korea,0.06
2011,south_korea,0.06
2011,south_sudan,3.1
1979,spain,0.01
1990,spain,0.4
1991,spain,0.4
1992,spain,0.4
1993,spain,0.5
1994,spain,0.5
1995,spain,0.5
1996,spain,0.4
1997,spain,0.4
1998,spain,0.4
1999,spain,0.4
2000,spain,0.4
2001,spain,0.4
2002,spain,0.4
2003,spain,0.4
2004,spain,0.4
2005,spain,0.4
2006,spain,0.4
2007,spain,0.4
2008,spain,0.4
2009,spain,0.4
2010,spain,0.4
2011,spain,0.4
1990,sri_lanka,0.06
1991,sri_lanka,0.06
1992,sri_lanka,0.06
1993,sri_lanka,0.06
1994,sri_lanka,0.06
1995,sri_lanka,0.06
1996,sri_lanka,0.06
1997,sri_lanka,0.06
1998,sri_lanka,0.06
1999,sri_lanka,0.06
2000,sri_lanka,0.06
2001,sri_lanka,0.06
2002,sri_lanka,0.06
2003,sri_lanka,0.06
2004,sri_lanka,0.06
2005,sri_lanka,0.06
2006,sri_lanka,0.06
2007,sri_lanka,0.06
2008,sri_lanka,0.06
2009,sri_lanka,0.06
2010,sri_lanka,0.06
2011,sri_lanka,0.06
1979,sudan,0.062390639000000005
1990,sudan,0.1
1991,sudan,0.1
1992,sudan,0.1
1993,sudan,0.1
1994,sudan,0.1
1995,sudan,0.2
1996,sudan,0.2
1997,sudan,0.2
1998,sudan,0.3
1999,sudan,0.3
2000,sudan,0.3
2001,sudan,0.4
2002,sudan,0.4
2003,sudan,0.5
2004,sudan,0.6
2005,sudan,0.6
2006,sudan,0.7
2007,sudan,0.8
2008,sudan,1.0
2009,sudan,0.4
2010,sudan,0.4
2011,sudan,0.4
1980,suriname,0.011931256000000001
1990,suriname,0.1
1991,suriname,0.2
1992,suriname,0.2
1993,suriname,0.4
1994,suriname,0.6
1995,suriname,0.7
1996,suriname,0.9
1997,suriname,0.9
1998,suriname,1.0
1999,suriname,1.0
2000,suriname,1.0
2001,suriname,1.0
2002,suriname,1.0
2003,suriname,1.0
2004,suriname,1.0
2005,suriname,1.1
2006,suriname,1.0
2007,suriname,1.0
2008,suriname,1.0
2009,suriname,1.2
2010,suriname,1.1
2011,suriname,1.0
1982,swaziland,0.01097002
1990,swaziland,2.3
1991,swaziland,3.2
1992,swaziland,4.4
1993,swaziland,6.1
1994,swaziland,8.1
1995,swaziland,10.6
1996,swaziland,13.3
1997,swaziland,16.0
1998,swaziland,18.5
1999,swaziland,20.6
2000,swaziland,22.3
2001,swaziland,23.6
2002,swaziland,24.5
2003,swaziland,25.1
2004,swaziland,25.5
2005,swaziland,25.6
2006,swaziland,25.7
2007,swaziland,25.8
2008,swaziland,25.9
2009,swaziland,25.8
2010,swaziland,25.9
2011,swaziland,26.0
1983,sweden,0.019136463
1990,sweden,0.1
1991,sweden,0.1
1992,sweden,0.1
1993,sweden,0.1
1994,sweden,0.1
1995,sweden,0.1
1996,sweden,0.1
1997,sweden,0.1
1998,sweden,0.1
1999,sweden,0.1
2000,sweden,0.1
2001,sweden,0.1
2002,sweden,0.1
2003,sweden,0.1
2004,sweden,0.1
2005,sweden,0.1
2006,sweden,0.1
2007,sweden,0.1
2008,sweden,0.1
2009,sweden,0.2
2010,sweden,0.2
2011,sweden,0.2
1985,switzerland,0.054022769000000005
1990,switzerland,0.2
1991,switzerland,0.2
1992,switzerland,0.3
1993,switzerland,0.3
1994,switzerland,0.3
1995,switzerland,0.3
1996,switzerland,0.3
1997,switzerland,0.3
1998,switzerland,0.3
1999,switzerland,0.3
2000,switzerland,0.3
2001,switzerland,0.3
2002,switzerland,0.3
2003,switzerland,0.3
2004,switzerland,0.3
2005,switzerland,0.3
2006,switzerland,0.4
2007,switzerland,0.4
2008,switzerland,0.4
2009,switzerland,0.4
2010,switzerland,0.4
2011,switzerland,0.4
1990,tajikistan,0.06
1991,tajikistan,0.06
1992,tajikistan,0.06
1993,tajikistan,0.06
1994,tajikistan,0.06
1995,tajikistan,0.1
1996,tajikistan,0.1
1997,tajikistan,0.1
1998,tajikistan,0.1
1999,tajikistan,0.1
2000,tajikistan,0.1
2001,tajikistan,0.1
2002,tajikistan,0.1
2003,tajikistan,0.1
2004,tajikistan,0.1
2005,tajikistan,0.1
2006,tajikistan,0.2
2007,tajikistan,0.2
2008,tajikistan,0.2
2009,tajikistan,0.2
2010,tajikistan,0.2
2011,tajikistan,0.3
1979,tanzania,0.01
1990,tanzania,4.8
1991,tanzania,5.7
1992,tanzania,6.5
1993,tanzania,7.1
1994,tanzania,7.6
1995,tanzania,7.8
1996,tanzania,7.9
1997,tanzania,7.9
1998,tanzania,7.7
1999,tanzania,7.5
2000,tanzania,7.3
2001,tanzania,7.1
2002,tanzania,6.8
2003,tanzania,6.6
2004,tanzania,6.4
2005,tanzania,6.2
2006,tanzania,6.0
2007,tanzania,5.9
2008,tanzania,5.8
2009,tanzania,5.8
2010,tanzania,5.8
2011,tanzania,5.8
1985,thailand,0.01
1990,thailand,1.0
1991,thailand,1.5
1992,thailand,1.8
1993,thailand,2.0
1994,thailand,2.1
1995,thailand,2.1
1996,thailand,2.1
1997,thailand,2.0
1998,thailand,2.0
1999,thailand,1.9
2000,thailand,1.8
2001,thailand,1.7
2002,thailand,1.6
2003,thailand,1.5
2004,thailand,1.5
2005,thailand,1.5
2006,thailand,1.4
2007,thailand,1.4
2008,thailand,1.3
2009,thailand,1.3
2010,thailand,1.2
2011,thailand,1.2
1979,togo,0.009898522
1990,togo,0.6
1991,togo,0.8
1992,togo,1.2
1993,togo,1.6
1994,togo,2.0
1995,togo,2.5
1996,togo,2.9
1997,togo,3.1
1998,togo,3.4
1999,togo,3.5
2000,togo,3.6
2001,togo,3.6
2002,togo,3.6
2003,togo,3.5
2004,togo,3.5
2005,togo,3.4
2006,togo,3.3
2007,togo,3.3
2008,togo,3.2
2009,togo,3.6
2010,togo,3.5
2011,togo,3.4
1982,trinidad_and_tobago,0.010653031
1990,trinidad_and_tobago,0.2
1991,trinidad_and_tobago,0.3
1992,trinidad_and_tobago,0.4
1993,trinidad_and_tobago,0.5
1994,trinidad_and_tobago,0.6
1995,trinidad_and_tobago,0.8
1996,trinidad_and_tobago,0.9
1997,trinidad_and_tobago,1.0
1998,trinidad_and_tobago,1.1
1999,trinidad_and_tobago,1.1
2000,trinidad_and_tobago,1.2
2001,trinidad_and_tobago,1.2
2002,trinidad_and_tobago,1.2
2003,trinidad_and_tobago,1.3
2004,trinidad_and_tobago,1.3
2005,trinidad_and_tobago,1.3
2006,trinidad_and_tobago,1.4
2007,trinidad_and_tobago,1.4
2008,trinidad_and_tobago,1.5
2009,trinidad_and_tobago,1.5
2010,trinidad_and_tobago,1.5
2011,trinidad_and_tobago,1.5
1990,tunisia,0.06
1991,tunisia,0.06
1992,tunisia,0.06
1993,tunisia,0.06
1994,tunisia,0.06
1995,tunisia,0.06
1996,tunisia,0.06
1997,tunisia,0.06
1998,tunisia,0.06
1999,tunisia,0.06
2000,tunisia,0.06
2001,tunisia,0.06
2002,tunisia,0.06
2003,tunisia,0.06
2004,tunisia,0.06
2005,tunisia,0.06
2006,tunisia,0.06
2007,tunisia,0.06
2008,tunisia,0.06
2009,tunisia,0.06
2010,tunisia,0.06
2011,tunisia,0.06
1990,turkey,0.06
1991,turkey,0.06
1992,turkey,0.06
1993,turkey,0.06
1994,turkey,0.06
1995,turkey,0.06
1996,turkey,0.06
1997,turkey,0.06
1998,turkey,0.06
1999,turkey,0.06
2000,turkey,0.06
2001,turkey,0.06
2002,turkey,0.06
2003,turkey,0.06
2004,turkey,0.06
2005,turkey,0.06
2006,turkey,0.06
2007,turkey,0.06
2008,turkey,0.06
2009,turkey,0.06
2010,turkey,0.06
2011,turkey,0.06
1979,uganda,0.01
1990,uganda,10.2
1991,uganda,10.7
1992,uganda,10.5
1993,uganda,10.2
1994,uganda,9.8
1995,uganda,9.3
1996,uganda,8.8
1997,uganda,8.4
1998,uganda,8.0
1999,uganda,7.6
2000,uganda,7.3
2001,uganda,7.0
2002,uganda,6.8
2003,uganda,6.6
2004,uganda,6.4
2005,uganda,6.4
2006,uganda,6.3
2007,uganda,6.3
2008,uganda,6.4
2009,uganda,6.9
2010,uganda,7.0
2011,uganda,7.2
1990,ukraine,0.1
1991,ukraine,0.2
1992,ukraine,0.2
1993,ukraine,0.2
1994,ukraine,0.3
1995,ukraine,0.3
1996,ukraine,0.4
1997,ukraine,0.5
1998,ukraine,0.7
1999,ukraine,0.8
2000,ukraine,0.9
2001,ukraine,0.9
2002,ukraine,1.0
2003,ukraine,1.1
2004,ukraine,1.1
2005,ukraine,1.1
2006,ukraine,1.1
2007,ukraine,1.1
2008,ukraine,1.1
2009,ukraine,0.9
2010,ukraine,0.8
2011,ukraine,0.8
1983,united_kingdom,0.019257422
1990,united_kingdom,0.1
1991,united_kingdom,0.1
1992,united_kingdom,0.1
1993,united_kingdom,0.1
1994,united_kingdom,0.1
1995,united_kingdom,0.1
1996,united_kingdom,0.1
1997,united_kingdom,0.1
1998,united_kingdom,0.1
1999,united_kingdom,0.1
2000,united_kingdom,0.1
2001,united_kingdom,0.1
2002,united_kingdom,0.2
2003,united_kingdom,0.2
2004,united_kingdom,0.2
2005,united_kingdom,0.2
2006,united_kingdom,0.2
2007,united_kingdom,0.2
2008,united_kingdom,0.2
2009,united_kingdom,0.3
2010,united_kingdom,0.3
2011,united_kingdom,0.3
1979,united_states,0.031764078
1990,united_states,0.5
1991,united_states,0.5
1992,united_states,0.5
1993,united_states,0.5
1994,united_states,0.5
1995,united_states,0.5
1996,united_states,0.5
1997,united_states,0.5
1998,united_states,0.5
1999,united_states,0.5
2000,united_states,0.5
2001,united_states,0.5
2002,united_states,0.5
2003,united_states,0.5
2004,united_states,0.5
2005,united_states,0.6
2006,united_states,0.6
2007,united_states,0.6
2008,united_states,0.6
2009,united_states,0.6
2010,united_states,0.6
2011,united_states,0.6
1979,uruguay,0.009697302
1990,uruguay,0.1
1991,uruguay,0.1
1992,uruguay,0.1
1993,uruguay,0.1
1994,uruguay,0.1
1995,uruguay,0.2
1996,uruguay,0.2
1997,uruguay,0.2
1998,uruguay,0.2
1999,uruguay,0.3
2000,uruguay,0.3
2001,uruguay,0.4
2002,uruguay,0.4
2003,uruguay,0.5
2004,uruguay,0.5
2005,uruguay,0.5
2006,uruguay,0.5
2007,uruguay,0.5
2008,uruguay,0.5
2009,uruguay,0.6
2010,uruguay,0.6
2011,uruguay,0.6
1990,uzbekistan,0.06
1991,uzbekistan,0.06
1992,uzbekistan,0.06
1993,uzbekistan,0.06
1994,uzbekistan,0.06
1995,uzbekistan,0.06
1996,uzbekistan,0.06
1997,uzbekistan,0.06
1998,uzbekistan,0.06
1999,uzbekistan,0.06
2000,uzbekistan,0.06
2001,uzbekistan,0.06
2002,uzbekistan,0.06
2003,uzbekistan,0.06
2004,uzbekistan,0.06
2005,uzbekistan,0.06
2006,uzbekistan,0.1
2007,uzbekistan,0.1
2008,uzbekistan,0.1
2009,venezuela,0.5
2010,venezuela,0.5
2011,venezuela,0.5
1990,vietnam,0.06
1991,vietnam,0.06
1992,vietnam,0.06
1993,vietnam,0.1
1994,vietnam,0.1
1995,vietnam,0.1
1996,vietnam,0.1
1997,vietnam,0.1
1998,vietnam,0.2
1999,vietnam,0.2
2000,vietnam,0.2
2001,vietnam,0.3
2002,vietnam,0.3
2003,vietnam,0.3
2004,vietnam,0.4
2005,vietnam,0.4
2006,vietnam,0.4
2007,vietnam,0.4
2008,vietnam,0.4
2009,vietnam,0.4
2010,vietnam,0.5
2011,vietnam,0.5
2009,yemen,0.2
2010,yemen,0.2
2011,yemen,0.2
1979,zambia,0.01
1990,zambia,12.7
1991,zambia,13.6
1992,zambia,14.2
1993,zambia,14.6
1994,zambia,14.9
1995,zambia,15.0
1996,zambia,14.9
1997,zambia,14.8
1998,zambia,14.7
1999,zambia,14.6
2000,zambia,14.4
2001,zambia,14.3
2002,zambia,14.2
2003,zambia,14.1
2004,zambia,14.0
2005,zambia,13.9
2006,zambia,13.8
2007,zambia,13.7
2008,zambia,13.6
2009,zambia,12.9
2010,zambia,12.7
2011,zambia,12.5
1979,zimbabwe,0.01
1990,zimbabwe,10.1
1991,zimbabwe,13.6
1992,zimbabwe,17.2
1993,zimbabwe,20.6
1994,zimbabwe,23.3
1995,zimbabwe,25.1
1996,zimbabwe,26.2
1997,zimbabwe,26.5
1998,zimbabwe,26.3
1999,zimbabwe,25.7
2000,zimbabwe,24.8
2001,zimbabwe,23.7
2002,zimbabwe,22.5
2003,zimbabwe,21.1
2004,zimbabwe,19.8
2005,zimbabwe,18.4
2006,zimbabwe,17.2
2007,zimbabwe,16.1
2008,zimbabwe,15.1
2009,zimbabwe,15.7
2010,zimbabwe,15.2
2011,zimbabwe,14.9
